Year,Month,Day,Hour,Minute,Temperature,,,
2016,11,1,0,0,8.46,,,
2016,11,1,1,0,8.3,,,
2016,11,1,2,0,7.95,,,
2016,11,1,3,0,6.67,,,
2016,11,1,4,0,6.64,,,
2016,11,1,5,0,6.84,,,
2016,11,1,6,0,6.83,,,
2016,11,1,7,0,6.51,,,
2016,11,1,8,0,6.33,,,
2016,11,1,9,0,7.85,,,
2016,11,1,10,0,10.73,,,
2016,11,1,11,0,12.96,,,
2016,11,1,12,0,14.99,,,
2016,11,1,13,0,15.79,,,
2016,11,1,14,0,16.72,,,
2016,11,1,15,0,17.19,,,
2016,11,1,16,0,17.29,,,
2016,11,1,17,0,17.34,,,
2016,11,1,18,0,15.97,,,
2016,11,1,19,0,13.59,,,
2016,11,1,20,0,11.96,,,
2016,11,1,21,0,10.76,,,
2016,11,1,22,0,10.82,,,
2016,11,1,23,0,12.02,,,
2016,11,2,0,0,11.73,,,
2016,11,2,1,0,11.13,,,
2016,11,2,2,0,10.71,,,
2016,11,2,3,0,10.46,,,
2016,11,2,4,0,9.94,,,
2016,11,2,5,0,10.08,,,
2016,11,2,6,0,9.68,,,
2016,11,2,7,0,9.26,,,
2016,11,2,8,0,9.42,,,
2016,11,2,9,0,10.21,,,
2016,11,2,10,0,11.71,,,
2016,11,2,11,0,12.64,,,
2016,11,2,12,0,11.76,,,
2016,11,2,13,0,12.4,,,
2016,11,2,14,0,11.98,,,
2016,11,2,15,0,9.64,,,
2016,11,2,16,0,9.18,,,
2016,11,2,17,0,8.99,,,
2016,11,2,18,0,8.85,,,
2016,11,2,19,0,8.74,,,
2016,11,2,20,0,8.62,,,
2016,11,2,21,0,8.12,,,
2016,11,2,22,0,7.31,,,
2016,11,2,23,0,6.74,,,
2016,11,3,0,0,6.32,,,
2016,11,3,1,0,4.6,,,
2016,11,3,2,0,3.88,,,
2016,11,3,3,0,3.34,,,
2016,11,3,4,0,2.92,,,
2016,11,3,5,0,2.51,,,
2016,11,3,6,0,2.58,,,
2016,11,3,7,0,2.45,,,
2016,11,3,8,0,2.74,,,
2016,11,3,9,0,3.71,,,
2016,11,3,10,0,4.92,,,
2016,11,3,11,0,6.87,,,
2016,11,3,12,0,8.15,,,
2016,11,3,13,0,10.36,,,
2016,11,3,14,0,10.79,,,
2016,11,3,15,0,10.83,,,
2016,11,3,16,0,10.36,,,
2016,11,3,17,0,9.38,,,
2016,11,3,18,0,8.3,,,
2016,11,3,19,0,7.46,,,
2016,11,3,20,0,6.86,,,
2016,11,3,21,0,6.4,,,
2016,11,3,22,0,5.63,,,
2016,11,3,23,0,4.97,,,
2016,11,4,0,0,4.57,,,
2016,11,4,1,0,4.18,,,
2016,11,4,2,0,3.75,,,
2016,11,4,3,0,2.92,,,
2016,11,4,4,0,1.95,,,
2016,11,4,5,0,1.7,,,
2016,11,4,6,0,1.51,,,
2016,11,4,7,0,1.47,,,
2016,11,4,8,0,2.2,,,
2016,11,4,9,0,4.47,,,
2016,11,4,10,0,7.72,,,
2016,11,4,11,0,10.68,,,
2016,11,4,12,0,12.45,,,
2016,11,4,13,0,12.81,,,
2016,11,4,14,0,13.8,,,
2016,11,4,15,0,14.32,,,
2016,11,4,16,0,14.28,,,
2016,11,4,17,0,13.71,,,
2016,11,4,18,0,12.57,,,
2016,11,4,19,0,11.7,,,
2016,11,4,20,0,12.7,,,
2016,11,4,21,0,13.67,,,
2016,11,4,22,0,14.18,,,
2016,11,4,23,0,13.67,,,
2016,11,5,0,0,13.09,,,
2016,11,5,1,0,12.86,,,
2016,11,5,2,0,12.42,,,
2016,11,5,3,0,11.51,,,
2016,11,5,4,0,11.65,,,
2016,11,5,5,0,12.46,,,
2016,11,5,6,0,12.02,,,
2016,11,5,7,0,12.36,,,
2016,11,5,8,0,12.29,,,
2016,11,5,9,0,12.43,,,
2016,11,5,10,0,13.89,,,
2016,11,5,11,0,11.48,,,
2016,11,5,12,0,12.1,,,
2016,11,5,13,0,15.56,,,
2016,11,5,14,0,14.83,,,
2016,11,5,15,0,14.37,,,
2016,11,5,16,0,11.6,,,
2016,11,5,17,0,8.89,,,
2016,11,5,18,0,9.58,,,
2016,11,5,19,0,10.09,,,
2016,11,5,20,0,9.66,,,
2016,11,5,21,0,9.71,,,
2016,11,5,22,0,9.2,,,
2016,11,5,23,0,8.48,,,
2016,11,6,0,0,8.14,,,
2016,11,6,1,0,7.55,,,
2016,11,6,2,0,7,,,
2016,11,6,3,0,6.57,,,
2016,11,6,4,0,6.48,,,
2016,11,6,5,0,6.3,,,
2016,11,6,6,0,5.65,,,
2016,11,6,7,0,5.44,,,
2016,11,6,8,0,5.45,,,
2016,11,6,9,0,6.11,,,
2016,11,6,10,0,6.63,,,
2016,11,6,11,0,7.25,,,
2016,11,6,12,0,6.98,,,
2016,11,6,13,0,7.18,,,
2016,11,6,14,0,7.6,,,
2016,11,6,15,0,7.71,,,
2016,11,6,16,0,7.38,,,
2016,11,6,17,0,6.86,,,
2016,11,6,18,0,5.78,,,
2016,11,6,19,0,5.85,,,
2016,11,6,20,0,4.88,,,
2016,11,6,21,0,4.11,,,
2016,11,6,22,0,3.77,,,
2016,11,6,23,0,3.46,,,
2016,11,7,0,0,2.9,,,
2016,11,7,1,0,2.35,,,
2016,11,7,2,0,2.36,,,
2016,11,7,3,0,1.99,,,
2016,11,7,4,0,1.84,,,
2016,11,7,5,0,2.93,,,
2016,11,7,6,0,3.31,,,
2016,11,7,7,0,3.23,,,
2016,11,7,8,0,3.42,,,
2016,11,7,9,0,4.59,,,
2016,11,7,10,0,4.71,,,
2016,11,7,11,0,5.38,,,
2016,11,7,12,0,5.62,,,
2016,11,7,13,0,5.5,,,
2016,11,7,14,0,5.62,,,
2016,11,7,15,0,5.83,,,
2016,11,7,16,0,5.98,,,
2016,11,7,17,0,5.63,,,
2016,11,7,18,0,4.72,,,
2016,11,7,19,0,1.91,,,
2016,11,7,20,0,1.65,,,
2016,11,7,21,0,1.63,,,
2016,11,7,22,0,0.94,,,
2016,11,7,23,0,0.61,,,
2016,11,8,0,0,0.93,,,
2016,11,8,1,0,0.71,,,
2016,11,8,2,0,0.47,,,
2016,11,8,3,0,-0.04,,,
2016,11,8,4,0,-0.57,,,
2016,11,8,5,0,-0.08,,,
2016,11,8,6,0,0.63,,,
2016,11,8,7,0,1.32,,,
2016,11,8,8,0,1.69,,,
2016,11,8,9,0,2.55,,,
2016,11,8,10,0,3.91,,,
2016,11,8,11,0,5.27,,,
2016,11,8,12,0,5.8,,,
2016,11,8,13,0,7.52,,,
2016,11,8,14,0,7.48,,,
2016,11,8,15,0,6.73,,,
2016,11,8,16,0,6.22,,,
2016,11,8,17,0,5.86,,,
2016,11,8,18,0,5.02,,,
2016,11,8,19,0,4.3,,,
2016,11,8,20,0,3.34,,,
2016,11,8,21,0,2.4,,,
2016,11,8,22,0,2.04,,,
2016,11,8,23,0,2.05,,,
2016,11,9,0,0,1.47,,,
2016,11,9,1,0,1.15,,,
2016,11,9,2,0,0.51,,,
2016,11,9,3,0,0.24,,,
2016,11,9,4,0,1.06,,,
2016,11,9,5,0,2.05,,,
2016,11,9,6,0,2.1,,,
2016,11,9,7,0,2.75,,,
2016,11,9,8,0,3.41,,,
2016,11,9,9,0,3.32,,,
2016,11,9,10,0,3.5,,,
2016,11,9,11,0,3.1,,,
2016,11,9,12,0,3.34,,,
2016,11,9,13,0,4.7,,,
2016,11,9,14,0,5.27,,,
2016,11,9,15,0,5.36,,,
2016,11,9,16,0,4.58,,,
2016,11,9,17,0,7.34,,,
2016,11,9,18,0,7.76,,,
2016,11,9,19,0,6.77,,,
2016,11,9,20,0,6.3,,,
2016,11,9,21,0,6.38,,,
2016,11,9,22,0,6.43,,,
2016,11,9,23,0,6.11,,,
2016,11,10,0,0,6.07,,,
2016,11,10,1,0,6.09,,,
2016,11,10,2,0,6.06,,,
2016,11,10,3,0,5.96,,,
2016,11,10,4,0,5.66,,,
2016,11,10,5,0,5.4,,,
2016,11,10,6,0,5.21,,,
2016,11,10,7,0,5.35,,,
2016,11,10,8,0,5.54,,,
2016,11,10,9,0,6.9,,,
2016,11,10,10,0,7.95,,,
2016,11,10,11,0,7.41,,,
2016,11,10,12,0,8.05,,,
2016,11,10,13,0,9.18,,,
2016,11,10,14,0,8.53,,,
2016,11,10,15,0,8.2,,,
2016,11,10,16,0,8.43,,,
2016,11,10,17,0,8.48,,,
2016,11,10,18,0,8.29,,,
2016,11,10,19,0,8.37,,,
2016,11,10,20,0,8.39,,,
2016,11,10,21,0,8.3,,,
2016,11,10,22,0,8.17,,,
2016,11,10,23,0,8.08,,,
2016,11,11,0,0,8.21,,,
2016,11,11,1,0,8.2,,,
2016,11,11,2,0,7.41,,,
2016,11,11,3,0,6.71,,,
2016,11,11,4,0,6.38,,,
2016,11,11,5,0,6.21,,,
2016,11,11,6,0,5.52,,,
2016,11,11,7,0,5.65,,,
2016,11,11,8,0,5.07,,,
2016,11,11,9,0,5.58,,,
2016,11,11,10,0,6.03,,,
2016,11,11,11,0,6.37,,,
2016,11,11,12,0,6.97,,,
2016,11,11,13,0,6.78,,,
2016,11,11,14,0,6.84,,,
2016,11,11,15,0,6.81,,,
2016,11,11,16,0,7.03,,,
2016,11,11,17,0,6.49,,,
2016,11,11,18,0,5.64,,,
2016,11,11,19,0,5.13,,,
2016,11,11,20,0,5.06,,,
2016,11,11,21,0,4.99,,,
2016,11,11,22,0,4.73,,,
2016,11,11,23,0,4.52,,,
2016,11,12,0,0,4.5,,,
2016,11,12,1,0,4.34,,,
2016,11,12,2,0,4.16,,,
2016,11,12,3,0,3.85,,,
2016,11,12,4,0,3.59,,,
2016,11,12,5,0,3.29,,,
2016,11,12,6,0,2.98,,,
2016,11,12,7,0,2.81,,,
2016,11,12,8,0,2.72,,,
2016,11,12,9,0,3.08,,,
2016,11,12,10,0,3.63,,,
2016,11,12,11,0,4.19,,,
2016,11,12,12,0,5.07,,,
2016,11,12,13,0,6.55,,,
2016,11,12,14,0,7.29,,,
2016,11,12,15,0,7.68,,,
2016,11,12,16,0,7.76,,,
2016,11,12,17,0,6.9,,,
2016,11,12,18,0,5.62,,,
2016,11,12,19,0,4.27,,,
2016,11,12,20,0,3.17,,,
2016,11,12,21,0,2.66,,,
2016,11,12,22,0,2.46,,,
2016,11,12,23,0,2.2,,,
2016,11,13,0,0,1.53,,,
2016,11,13,1,0,1.99,,,
2016,11,13,2,0,2.35,,,
2016,11,13,3,0,2.63,,,
2016,11,13,4,0,2.94,,,
2016,11,13,5,0,3.54,,,
2016,11,13,6,0,3.99,,,
2016,11,13,7,0,4.05,,,
2016,11,13,8,0,4.4,,,
2016,11,13,9,0,5.2,,,
2016,11,13,10,0,6.15,,,
2016,11,13,11,0,6.8,,,
2016,11,13,12,0,7.52,,,
2016,11,13,13,0,9.62,,,
2016,11,13,14,0,10.26,,,
2016,11,13,15,0,10.47,,,
2016,11,13,16,0,10.32,,,
2016,11,13,17,0,9.69,,,
2016,11,13,18,0,9.1,,,
2016,11,13,19,0,8.36,,,
2016,11,13,20,0,7.73,,,
2016,11,13,21,0,7.92,,,
2016,11,13,22,0,6.86,,,
2016,11,13,23,0,5.15,,,
2016,11,14,0,0,3.82,,,
2016,11,14,1,0,2.82,,,
2016,11,14,2,0,2.09,,,
2016,11,14,3,0,1.63,,,
2016,11,14,4,0,1.29,,,
2016,11,14,5,0,1.1,,,
2016,11,14,6,0,0.82,,,
2016,11,14,7,0,0.36,,,
2016,11,14,8,0,0.09,,,
2016,11,14,9,0,1.01,,,
2016,11,14,10,0,1.99,,,
2016,11,14,11,0,2.3,,,
2016,11,14,12,0,2.57,,,
2016,11,14,13,0,4.84,,,
2016,11,14,14,0,5.23,,,
2016,11,14,15,0,5.23,,,
2016,11,14,16,0,5.02,,,
2016,11,14,17,0,4.33,,,
2016,11,14,18,0,3.71,,,
2016,11,14,19,0,3.06,,,
2016,11,14,20,0,2.59,,,
2016,11,14,21,0,2.24,,,
2016,11,14,22,0,1.96,,,
2016,11,14,23,0,1.59,,,
2016,11,15,0,0,1.41,,,
2016,11,15,1,0,1.3,,,
2016,11,15,2,0,1.47,,,
2016,11,15,3,0,1.61,,,
2016,11,15,4,0,2.04,,,
2016,11,15,5,0,2.39,,,
2016,11,15,6,0,2.7,,,
2016,11,15,7,0,2.9,,,
2016,11,15,8,0,2.96,,,
2016,11,15,9,0,3.61,,,
2016,11,15,10,0,5.7,,,
2016,11,15,11,0,7.74,,,
2016,11,15,12,0,8.53,,,
2016,11,15,13,0,7.96,,,
2016,11,15,14,0,8.48,,,
2016,11,15,15,0,9.13,,,
2016,11,15,16,0,9.33,,,
2016,11,15,17,0,8.52,,,
2016,11,15,18,0,7.9,,,
2016,11,15,19,0,7.82,,,
2016,11,15,20,0,7.9,,,
2016,11,15,21,0,8.09,,,
2016,11,15,22,0,8.2,,,
2016,11,15,23,0,8.01,,,
2016,11,16,0,0,7.67,,,
2016,11,16,1,0,7.23,,,
2016,11,16,2,0,6.96,,,
2016,11,16,3,0,6.88,,,
2016,11,16,4,0,6.87,,,
2016,11,16,5,0,7.28,,,
2016,11,16,6,0,7.49,,,
2016,11,16,7,0,7.96,,,
2016,11,16,8,0,8.55,,,
2016,11,16,9,0,9.12,,,
2016,11,16,10,0,10.61,,,
2016,11,16,11,0,12.36,,,
2016,11,16,12,0,13.31,,,
2016,11,16,13,0,9.21,,,
2016,11,16,14,0,11.01,,,
2016,11,16,15,0,12.26,,,
2016,11,16,16,0,12.09,,,
2016,11,16,17,0,11.37,,,
2016,11,16,18,0,11.17,,,
2016,11,16,19,0,11.11,,,
2016,11,16,20,0,11.13,,,
2016,11,16,21,0,10.76,,,
2016,11,16,22,0,10.54,,,
2016,11,16,23,0,10.24,,,
2016,11,17,0,0,10.59,,,
2016,11,17,1,0,10.61,,,
2016,11,17,2,0,10.54,,,
2016,11,17,3,0,10.46,,,
2016,11,17,4,0,10.56,,,
2016,11,17,5,0,10.62,,,
2016,11,17,6,0,10.15,,,
2016,11,17,7,0,10.26,,,
2016,11,17,8,0,10.24,,,
2016,11,17,9,0,11.05,,,
2016,11,17,10,0,11.72,,,
2016,11,17,11,0,13.23,,,
2016,11,17,12,0,14.21,,,
2016,11,17,13,0,13.95,,,
2016,11,17,14,0,14.18,,,
2016,11,17,15,0,14.37,,,
2016,11,17,16,0,13.84,,,
2016,11,17,17,0,12.84,,,
2016,11,17,18,0,12.03,,,
2016,11,17,19,0,11.78,,,
2016,11,17,20,0,11.91,,,
2016,11,17,21,0,11.32,,,
2016,11,17,22,0,12.17,,,
2016,11,17,23,0,12.24,,,
2016,11,18,0,0,12.28,,,
2016,11,18,1,0,11.95,,,
2016,11,18,2,0,11.27,,,
2016,11,18,3,0,11.34,,,
2016,11,18,4,0,12.51,,,
2016,11,18,5,0,12.32,,,
2016,11,18,6,0,11.91,,,
2016,11,18,7,0,11.8,,,
2016,11,18,8,0,12.06,,,
2016,11,18,9,0,13.23,,,
2016,11,18,10,0,14.08,,,
2016,11,18,11,0,14.53,,,
2016,11,18,12,0,14.49,,,
2016,11,18,13,0,15.71,,,
2016,11,18,14,0,15.96,,,
2016,11,18,15,0,15.57,,,
2016,11,18,16,0,14.41,,,
2016,11,18,17,0,7.68,,,
2016,11,18,18,0,7.63,,,
2016,11,18,19,0,7.5,,,
2016,11,18,20,0,7.64,,,
2016,11,18,21,0,8.16,,,
2016,11,18,22,0,8.11,,,
2016,11,18,23,0,8.03,,,
2016,11,19,0,0,8.09,,,
2016,11,19,1,0,8.11,,,
2016,11,19,2,0,8.34,,,
2016,11,19,3,0,8.35,,,
2016,11,19,4,0,7.82,,,
2016,11,19,5,0,7.51,,,
2016,11,19,6,0,7.19,,,
2016,11,19,7,0,6.61,,,
2016,11,19,8,0,6.12,,,
2016,11,19,9,0,6.29,,,
2016,11,19,10,0,7.62,,,
2016,11,19,11,0,8.25,,,
2016,11,19,12,0,7.35,,,
2016,11,19,13,0,8.74,,,
2016,11,19,14,0,8.93,,,
2016,11,19,15,0,8.88,,,
2016,11,19,16,0,8.55,,,
2016,11,19,17,0,7.5,,,
2016,11,19,18,0,5.86,,,
2016,11,19,19,0,5.06,,,
2016,11,19,20,0,5.35,,,
2016,11,19,21,0,5.8,,,
2016,11,19,22,0,5.88,,,
2016,11,19,23,0,5.81,,,
2016,11,20,0,0,4.97,,,
2016,11,20,1,0,3.9,,,
2016,11,20,2,0,3.79,,,
2016,11,20,3,0,4.15,,,
2016,11,20,4,0,4.53,,,
2016,11,20,5,0,3.58,,,
2016,11,20,6,0,2.33,,,
2016,11,20,7,0,2.24,,,
2016,11,20,8,0,0.53,,,
2016,11,20,9,0,2.82,,,
2016,11,20,10,0,7.36,,,
2016,11,20,11,0,10.41,,,
2016,11,20,12,0,12,,,
2016,11,20,13,0,14,,,
2016,11,20,14,0,14.54,,,
2016,11,20,15,0,14.31,,,
2016,11,20,16,0,13.39,,,
2016,11,20,17,0,11.08,,,
2016,11,20,18,0,8.05,,,
2016,11,20,19,0,7.28,,,
2016,11,20,20,0,6.2,,,
2016,11,20,21,0,5.31,,,
2016,11,20,22,0,4.48,,,
2016,11,20,23,0,3.61,,,
2016,11,21,0,0,3.92,,,
2016,11,21,1,0,5,,,
2016,11,21,2,0,4.9,,,
2016,11,21,3,0,5.15,,,
2016,11,21,4,0,6.38,,,
2016,11,21,5,0,8.36,,,
2016,11,21,6,0,9.13,,,
2016,11,21,7,0,8.84,,,
2016,11,21,8,0,8.7,,,
2016,11,21,9,0,8.83,,,
2016,11,21,10,0,9.54,,,
2016,11,21,11,0,10.32,,,
2016,11,21,12,0,10.7,,,
2016,11,21,13,0,11.42,,,
2016,11,21,14,0,12.09,,,
2016,11,21,15,0,11.81,,,
2016,11,21,16,0,12.18,,,
2016,11,21,17,0,11.62,,,
2016,11,21,18,0,10.58,,,
2016,11,21,19,0,10.8,,,
2016,11,21,20,0,12.77,,,
2016,11,21,21,0,12.72,,,
2016,11,21,22,0,10.92,,,
2016,11,21,23,0,10.26,,,
2016,11,22,0,0,8.63,,,
2016,11,22,1,0,9.55,,,
2016,11,22,2,0,9.47,,,
2016,11,22,3,0,8.56,,,
2016,11,22,4,0,8.43,,,
2016,11,22,5,0,7.89,,,
2016,11,22,6,0,8.11,,,
2016,11,22,7,0,8.32,,,
2016,11,22,8,0,8.45,,,
2016,11,22,9,0,8.55,,,
2016,11,22,10,0,9.36,,,
2016,11,22,11,0,10.24,,,
2016,11,22,12,0,10.11,,,
2016,11,22,13,0,14.07,,,
2016,11,22,14,0,14.31,,,
2016,11,22,15,0,14.42,,,
2016,11,22,16,0,14.35,,,
2016,11,22,17,0,11.89,,,
2016,11,22,18,0,10.95,,,
2016,11,22,19,0,10.97,,,
2016,11,22,20,0,11.04,,,
2016,11,22,21,0,11.11,,,
2016,11,22,22,0,11.37,,,
2016,11,22,23,0,11.14,,,
2016,11,23,0,0,10.12,,,
2016,11,23,1,0,9.16,,,
2016,11,23,2,0,9.47,,,
2016,11,23,3,0,9.34,,,
2016,11,23,4,0,10.31,,,
2016,11,23,5,0,9.87,,,
2016,11,23,6,0,9.79,,,
2016,11,23,7,0,9.07,,,
2016,11,23,8,0,9,,,
2016,11,23,9,0,10.02,,,
2016,11,23,10,0,11.05,,,
2016,11,23,11,0,12.99,,,
2016,11,23,12,0,14.39,,,
2016,11,23,13,0,15.56,,,
2016,11,23,14,0,15.28,,,
2016,11,23,15,0,13.64,,,
2016,11,23,16,0,13.4,,,
2016,11,23,17,0,12.44,,,
2016,11,23,18,0,11.75,,,
2016,11,23,19,0,11.1,,,
2016,11,23,20,0,10.58,,,
2016,11,23,21,0,9.86,,,
2016,11,23,22,0,9.28,,,
2016,11,23,23,0,9.43,,,
2016,11,24,0,0,9.29,,,
2016,11,24,1,0,8.74,,,
2016,11,24,2,0,8.26,,,
2016,11,24,3,0,8.26,,,
2016,11,24,4,0,7.29,,,
2016,11,24,5,0,6.38,,,
2016,11,24,6,0,6.18,,,
2016,11,24,7,0,5.82,,,
2016,11,24,8,0,5.94,,,
2016,11,24,9,0,6.86,,,
2016,11,24,10,0,7.64,,,
2016,11,24,11,0,8.26,,,
2016,11,24,12,0,8.84,,,
2016,11,24,13,0,9.57,,,
2016,11,24,14,0,10.49,,,
2016,11,24,15,0,10.9,,,
2016,11,24,16,0,10.88,,,
2016,11,24,17,0,10.83,,,
2016,11,24,18,0,10.06,,,
2016,11,24,19,0,8.84,,,
2016,11,24,20,0,8.01,,,
2016,11,24,21,0,7.82,,,
2016,11,24,22,0,7.76,,,
2016,11,24,23,0,6.41,,,
2016,11,25,0,0,6.06,,,
2016,11,25,1,0,5.98,,,
2016,11,25,2,0,5.95,,,
2016,11,25,3,0,5.67,,,
2016,11,25,4,0,5.73,,,
2016,11,25,5,0,5.69,,,
2016,11,25,6,0,5.59,,,
2016,11,25,7,0,5.28,,,
2016,11,25,8,0,5.02,,,
2016,11,25,9,0,5.18,,,
2016,11,25,10,0,6.46,,,
2016,11,25,11,0,6.7,,,
2016,11,25,12,0,6.4,,,
2016,11,25,13,0,7.83,,,
2016,11,25,14,0,7.94,,,
2016,11,25,15,0,7.96,,,
2016,11,25,16,0,8.14,,,
2016,11,25,17,0,8.06,,,
2016,11,25,18,0,8,,,
2016,11,25,19,0,8.01,,,
2016,11,25,20,0,7.99,,,
2016,11,25,21,0,8.03,,,
2016,11,25,22,0,8.04,,,
2016,11,25,23,0,8.06,,,
2016,11,26,0,0,7.86,,,
2016,11,26,1,0,7.16,,,
2016,11,26,2,0,6.76,,,
2016,11,26,3,0,6.6,,,
2016,11,26,4,0,6.59,,,
2016,11,26,5,0,6.65,,,
2016,11,26,6,0,6.62,,,
2016,11,26,7,0,6.54,,,
2016,11,26,8,0,6.53,,,
2016,11,26,9,0,7.01,,,
2016,11,26,10,0,7.61,,,
2016,11,26,11,0,8.36,,,
2016,11,26,12,0,9.76,,,
2016,11,26,13,0,11.01,,,
2016,11,26,14,0,11.38,,,
2016,11,26,15,0,11.5,,,
2016,11,26,16,0,11.22,,,
2016,11,26,17,0,10.68,,,
2016,11,26,18,0,10.35,,,
2016,11,26,19,0,10.05,,,
2016,11,26,20,0,9.67,,,
2016,11,26,21,0,9.13,,,
2016,11,26,22,0,8.64,,,
2016,11,26,23,0,8.04,,,
2016,11,27,0,0,7.41,,,
2016,11,27,1,0,7.08,,,
2016,11,27,2,0,7.01,,,
2016,11,27,3,0,6.96,,,
2016,11,27,4,0,7.03,,,
2016,11,27,5,0,6.83,,,
2016,11,27,6,0,6.55,,,
2016,11,27,7,0,5.57,,,
2016,11,27,8,0,4.57,,,
2016,11,27,9,0,4.47,,,
2016,11,27,10,0,5.34,,,
2016,11,27,11,0,6.57,,,
2016,11,27,12,0,8.21,,,
2016,11,27,13,0,9.36,,,
2016,11,27,14,0,9.38,,,
2016,11,27,15,0,9.5,,,
2016,11,27,16,0,9.54,,,
2016,11,27,17,0,8.91,,,
2016,11,27,18,0,7.67,,,
2016,11,27,19,0,7.27,,,
2016,11,27,20,0,7.47,,,
2016,11,27,21,0,7.14,,,
2016,11,27,22,0,6.72,,,
2016,11,27,23,0,5.96,,,
2016,11,28,0,0,5.33,,,
2016,11,28,1,0,4.98,,,
2016,11,28,2,0,4.76,,,
2016,11,28,3,0,3.84,,,
2016,11,28,4,0,3.01,,,
2016,11,28,5,0,2.25,,,
2016,11,28,6,0,1.31,,,
2016,11,28,7,0,0.62,,,
2016,11,28,8,0,0.13,,,
2016,11,28,9,0,0.65,,,
2016,11,28,10,0,2.09,,,
2016,11,28,11,0,3.24,,,
2016,11,28,12,0,4.14,,,
2016,11,28,13,0,5.53,,,
2016,11,28,14,0,5.52,,,
2016,11,28,15,0,5.05,,,
2016,11,28,16,0,3.92,,,
2016,11,28,17,0,2.21,,,
2016,11,28,18,0,1.12,,,
2016,11,28,19,0,0.55,,,
2016,11,28,20,0,0.27,,,
2016,11,28,21,0,-0.01,,,
2016,11,28,22,0,0,,,
2016,11,28,23,0,-0.06,,,
2016,11,29,0,0,-0.07,,,
2016,11,29,1,0,-0.21,,,
2016,11,29,2,0,-0.28,,,
2016,11,29,3,0,-0.44,,,
2016,11,29,4,0,-0.53,,,
2016,11,29,5,0,-0.62,,,
2016,11,29,6,0,-0.79,,,
2016,11,29,7,0,-0.96,,,
2016,11,29,8,0,-1.16,,,
2016,11,29,9,0,-0.55,,,
2016,11,29,10,0,0.77,,,
2016,11,29,11,0,1.82,,,
2016,11,29,12,0,2.62,,,
2016,11,29,13,0,3.89,,,
2016,11,29,14,0,4.35,,,
2016,11,29,15,0,4.32,,,
2016,11,29,16,0,3.18,,,
2016,11,29,17,0,1.78,,,
2016,11,29,18,0,1.06,,,
2016,11,29,19,0,0.77,,,
2016,11,29,20,0,0.73,,,
2016,11,29,21,0,0.6,,,
2016,11,29,22,0,0.26,,,
2016,11,29,23,0,0.3,,,
2016,11,30,0,0,0.36,,,
2016,11,30,1,0,0.03,,,
2016,11,30,2,0,-0.18,,,
2016,11,30,3,0,-0.65,,,
2016,11,30,4,0,-0.95,,,
2016,11,30,5,0,-1.15,,,
2016,11,30,6,0,-0.79,,,
2016,11,30,7,0,0.14,,,
2016,11,30,8,0,0.87,,,
2016,11,30,9,0,2.13,,,
2016,11,30,10,0,2.83,,,
2016,11,30,11,0,3.63,,,
2016,11,30,12,0,4.22,,,
2016,11,30,13,0,4.94,,,
2016,11,30,14,0,5.9,,,
2016,11,30,15,0,6.88,,,
2016,11,30,16,0,7.2,,,
2016,11,30,17,0,6.5,,,
2016,11,30,18,0,5.75,,,
2016,11,30,19,0,4.99,,,
2016,11,30,20,0,4.46,,,
2016,11,30,21,0,2.75,,,
2016,11,30,22,0,1.61,,,
2016,11,30,23,0,1.92,,,
2016,12,1,0,0,2,,,
2016,12,1,1,0,1.62,,,
2016,12,1,2,0,1.51,,,
2016,12,1,3,0,1.75,,,
2016,12,1,4,0,1.95,,,
2016,12,1,5,0,2.16,,,
2016,12,1,6,0,2.46,,,
2016,12,1,7,0,2.48,,,
2016,12,1,8,0,2.72,,,
2016,12,1,9,0,3.3,,,
2016,12,1,10,0,3.51,,,
2016,12,1,11,0,4.32,,,
2016,12,1,12,0,5.64,,,
2016,12,1,13,0,6.22,,,
2016,12,1,14,0,7.13,,,
2016,12,1,15,0,7.6,,,
2016,12,1,16,0,7.39,,,
2016,12,1,17,0,6.89,,,
2016,12,1,18,0,6.12,,,
2016,12,1,19,0,5.65,,,
2016,12,1,20,0,5.15,,,
2016,12,1,21,0,3.89,,,
2016,12,1,22,0,2.92,,,
2016,12,1,23,0,3,,,
2016,12,2,0,0,2.87,,,
2016,12,2,1,0,2.94,,,
2016,12,2,2,0,2.65,,,
2016,12,2,3,0,2.08,,,
2016,12,2,4,0,1.31,,,
2016,12,2,5,0,0.54,,,
2016,12,2,6,0,0.2,,,
2016,12,2,7,0,0.16,,,
2016,12,2,8,0,0.01,,,
2016,12,2,9,0,0.34,,,
2016,12,2,10,0,1.27,,,
2016,12,2,11,0,2.23,,,
2016,12,2,12,0,2.96,,,
2016,12,2,13,0,4.31,,,
2016,12,2,14,0,5.36,,,
2016,12,2,15,0,5.89,,,
2016,12,2,16,0,5.89,,,
2016,12,2,17,0,5.63,,,
2016,12,2,18,0,4.76,,,
2016,12,2,19,0,3.81,,,
2016,12,2,20,0,2.86,,,
2016,12,2,21,0,2.05,,,
2016,12,2,22,0,1.6,,,
2016,12,2,23,0,1.3,,,
2016,12,3,0,0,0.92,,,
2016,12,3,1,0,0.56,,,
2016,12,3,2,0,0.08,,,
2016,12,3,3,0,-0.27,,,
2016,12,3,4,0,-0.34,,,
2016,12,3,5,0,-0.51,,,
2016,12,3,6,0,-0.02,,,
2016,12,3,7,0,0.41,,,
2016,12,3,8,0,-0.64,,,
2016,12,3,9,0,-0.55,,,
2016,12,3,10,0,-0.02,,,
2016,12,3,11,0,1,,,
2016,12,3,12,0,3.76,,,
2016,12,3,13,0,4.06,,,
2016,12,3,14,0,5.79,,,
2016,12,3,15,0,7.31,,,
2016,12,3,16,0,6.17,,,
2016,12,3,17,0,5.09,,,
2016,12,3,18,0,3.35,,,
2016,12,3,19,0,2.6,,,
2016,12,3,20,0,1.91,,,
2016,12,3,21,0,1.22,,,
2016,12,3,22,0,0.81,,,
2016,12,3,23,0,0.34,,,
2016,12,4,0,0,0.03,,,
2016,12,4,1,0,0.02,,,
2016,12,4,2,0,0.13,,,
2016,12,4,3,0,-0.16,,,
2016,12,4,4,0,-0.2,,,
2016,12,4,5,0,-0.18,,,
2016,12,4,6,0,-0.32,,,
2016,12,4,7,0,-0.35,,,
2016,12,4,8,0,-0.36,,,
2016,12,4,9,0,0.34,,,
2016,12,4,10,0,1.35,,,
2016,12,4,11,0,2.62,,,
2016,12,4,12,0,3.68,,,
2016,12,4,13,0,4.97,,,
2016,12,4,14,0,6.02,,,
2016,12,4,15,0,6.39,,,
2016,12,4,16,0,5.81,,,
2016,12,4,17,0,4.3,,,
2016,12,4,18,0,2.22,,,
2016,12,4,19,0,1.35,,,
2016,12,4,20,0,1.1,,,
2016,12,4,21,0,1.06,,,
2016,12,4,22,0,1.44,,,
2016,12,4,23,0,1.27,,,
2016,12,5,0,0,1.32,,,
2016,12,5,1,0,1.47,,,
2016,12,5,2,0,1.37,,,
2016,12,5,3,0,0.64,,,
2016,12,5,4,0,-0.35,,,
2016,12,5,5,0,-1.08,,,
2016,12,5,6,0,-1.4,,,
2016,12,5,7,0,-1.36,,,
2016,12,5,8,0,-1.39,,,
2016,12,5,9,0,-0.71,,,
2016,12,5,10,0,1.31,,,
2016,12,5,11,0,3.44,,,
2016,12,5,12,0,4.57,,,
2016,12,5,13,0,6.44,,,
2016,12,5,14,0,7.59,,,
2016,12,5,15,0,7.97,,,
2016,12,5,16,0,7.67,,,
2016,12,5,17,0,6.44,,,
2016,12,5,18,0,5.11,,,
2016,12,5,19,0,4.47,,,
2016,12,5,20,0,3.84,,,
2016,12,5,21,0,3.17,,,
2016,12,5,22,0,2.59,,,
2016,12,5,23,0,2.17,,,
2016,12,6,0,0,1.91,,,
2016,12,6,1,0,2,,,
2016,12,6,2,0,2.02,,,
2016,12,6,3,0,2.04,,,
2016,12,6,4,0,1.99,,,
2016,12,6,5,0,1.8,,,
2016,12,6,6,0,1.63,,,
2016,12,6,7,0,1.53,,,
2016,12,6,8,0,1.26,,,
2016,12,6,9,0,1.53,,,
2016,12,6,10,0,2.68,,,
2016,12,6,11,0,4.18,,,
2016,12,6,12,0,6.07,,,
2016,12,6,13,0,8.01,,,
2016,12,6,14,0,9,,,
2016,12,6,15,0,9.16,,,
2016,12,6,16,0,9.01,,,
2016,12,6,17,0,8.08,,,
2016,12,6,18,0,6.48,,,
2016,12,6,19,0,5.16,,,
2016,12,6,20,0,4.38,,,
2016,12,6,21,0,4.07,,,
2016,12,6,22,0,3.37,,,
2016,12,6,23,0,2.54,,,
2016,12,7,0,0,1.9,,,
2016,12,7,1,0,2.04,,,
2016,12,7,2,0,1.46,,,
2016,12,7,3,0,1,,,
2016,12,7,4,0,0.69,,,
2016,12,7,5,0,0.65,,,
2016,12,7,6,0,1.09,,,
2016,12,7,7,0,1.11,,,
2016,12,7,8,0,0.77,,,
2016,12,7,9,0,1.2,,,
2016,12,7,10,0,2.29,,,
2016,12,7,11,0,3.85,,,
2016,12,7,12,0,5.76,,,
2016,12,7,13,0,7.91,,,
2016,12,7,14,0,8.8,,,
2016,12,7,15,0,8.71,,,
2016,12,7,16,0,8.31,,,
2016,12,7,17,0,7,,,
2016,12,7,18,0,5.61,,,
2016,12,7,19,0,5.03,,,
2016,12,7,20,0,4.92,,,
2016,12,7,21,0,4.43,,,
2016,12,7,22,0,3.73,,,
2016,12,7,23,0,3.47,,,
2016,12,8,0,0,3.94,,,
2016,12,8,1,0,4.03,,,
2016,12,8,2,0,3.09,,,
2016,12,8,3,0,2.55,,,
2016,12,8,4,0,2.9,,,
2016,12,8,5,0,3.41,,,
2016,12,8,6,0,3.99,,,
2016,12,8,7,0,4.05,,,
2016,12,8,8,0,4.01,,,
2016,12,8,9,0,4.28,,,
2016,12,8,10,0,4.66,,,
2016,12,8,11,0,4.9,,,
2016,12,8,12,0,6.47,,,
2016,12,8,13,0,8.32,,,
2016,12,8,14,0,9.53,,,
2016,12,8,15,0,9.83,,,
2016,12,8,16,0,9.99,,,
2016,12,8,17,0,9.85,,,
2016,12,8,18,0,9.14,,,
2016,12,8,19,0,8.4,,,
2016,12,8,20,0,8.1,,,
2016,12,8,21,0,7.48,,,
2016,12,8,22,0,7.06,,,
2016,12,8,23,0,6.6,,,
2016,12,9,0,0,6.46,,,
2016,12,9,1,0,6.47,,,
2016,12,9,2,0,6.25,,,
2016,12,9,3,0,5.95,,,
2016,12,9,4,0,5.41,,,
2016,12,9,5,0,5.31,,,
2016,12,9,6,0,5.38,,,
2016,12,9,7,0,5.5,,,
2016,12,9,8,0,5.6,,,
2016,12,9,9,0,5.65,,,
2016,12,9,10,0,5.84,,,
2016,12,9,11,0,5.94,,,
2016,12,9,12,0,7.44,,,
2016,12,9,13,0,8.11,,,
2016,12,9,14,0,9.13,,,
2016,12,9,15,0,9.31,,,
2016,12,9,16,0,9.41,,,
2016,12,9,17,0,9.15,,,
2016,12,9,18,0,8.61,,,
2016,12,9,19,0,8.17,,,
2016,12,9,20,0,7.64,,,
2016,12,9,21,0,7.39,,,
2016,12,9,22,0,7.18,,,
2016,12,9,23,0,6.83,,,
2016,12,10,0,0,6.64,,,
2016,12,10,1,0,6.54,,,
2016,12,10,2,0,6.53,,,
2016,12,10,3,0,6.36,,,
2016,12,10,4,0,6.26,,,
2016,12,10,5,0,6.3,,,
2016,12,10,6,0,6.27,,,
2016,12,10,7,0,6.11,,,
2016,12,10,8,0,5.97,,,
2016,12,10,9,0,6.11,,,
2016,12,10,10,0,6.23,,,
2016,12,10,11,0,6.64,,,
2016,12,10,12,0,7.88,,,
2016,12,10,13,0,8.04,,,
2016,12,10,14,0,8.82,,,
2016,12,10,15,0,8.78,,,
2016,12,10,16,0,8.31,,,
2016,12,10,17,0,8.08,,,
2016,12,10,18,0,8.1,,,
2016,12,10,19,0,7.53,,,
2016,12,10,20,0,6.54,,,
2016,12,10,21,0,5.78,,,
2016,12,10,22,0,4.74,,,
2016,12,10,23,0,3.74,,,
2016,12,11,0,0,3.51,,,
2016,12,11,1,0,3.36,,,
2016,12,11,2,0,3.78,,,
2016,12,11,3,0,4.01,,,
2016,12,11,4,0,4.15,,,
2016,12,11,5,0,3.97,,,
2016,12,11,6,0,3.66,,,
2016,12,11,7,0,3.28,,,
2016,12,11,8,0,3.64,,,
2016,12,11,9,0,3.67,,,
2016,12,11,10,0,4.03,,,
2016,12,11,11,0,5.04,,,
2016,12,11,12,0,6.55,,,
2016,12,11,13,0,6.88,,,
2016,12,11,14,0,7.73,,,
2016,12,11,15,0,7.96,,,
2016,12,11,16,0,7.5,,,
2016,12,11,17,0,6.22,,,
2016,12,11,18,0,4.96,,,
2016,12,11,19,0,4.13,,,
2016,12,11,20,0,3.61,,,
2016,12,11,21,0,3.34,,,
2016,12,11,22,0,3.29,,,
2016,12,11,23,0,3.11,,,
2016,12,12,0,0,3.09,,,
2016,12,12,1,0,3.46,,,
2016,12,12,2,0,3.31,,,
2016,12,12,3,0,2.95,,,
2016,12,12,4,0,2.93,,,
2016,12,12,5,0,2.51,,,
2016,12,12,6,0,2.23,,,
2016,12,12,7,0,2.23,,,
2016,12,12,8,0,1.77,,,
2016,12,12,9,0,1.84,,,
2016,12,12,10,0,2.69,,,
2016,12,12,11,0,4.02,,,
2016,12,12,12,0,5.47,,,
2016,12,12,13,0,5.88,,,
2016,12,12,14,0,6.82,,,
2016,12,12,15,0,7.18,,,
2016,12,12,16,0,7.07,,,
2016,12,12,17,0,6.02,,,
2016,12,12,18,0,4.72,,,
2016,12,12,19,0,3.75,,,
2016,12,12,20,0,3.14,,,
2016,12,12,21,0,2.68,,,
2016,12,12,22,0,2.45,,,
2016,12,12,23,0,2.23,,,
2016,12,13,0,0,2.68,,,
2016,12,13,1,0,2.77,,,
2016,12,13,2,0,3.05,,,
2016,12,13,3,0,2.36,,,
2016,12,13,4,0,1.6,,,
2016,12,13,5,0,1.49,,,
2016,12,13,6,0,1.76,,,
2016,12,13,7,0,1.63,,,
2016,12,13,8,0,1.35,,,
2016,12,13,9,0,1.84,,,
2016,12,13,10,0,2.56,,,
2016,12,13,11,0,3.73,,,
2016,12,13,12,0,4.61,,,
2016,12,13,13,0,6.4,,,
2016,12,13,14,0,7.62,,,
2016,12,13,15,0,8.2,,,
2016,12,13,16,0,7.96,,,
2016,12,13,17,0,7.6,,,
2016,12,13,18,0,6.87,,,
2016,12,13,19,0,6.29,,,
2016,12,13,20,0,6.01,,,
2016,12,13,21,0,5.78,,,
2016,12,13,22,0,5.38,,,
2016,12,13,23,0,5.12,,,
2016,12,14,0,0,4.62,,,
2016,12,14,1,0,4.38,,,
2016,12,14,2,0,4.25,,,
2016,12,14,3,0,3.8,,,
2016,12,14,4,0,3.42,,,
2016,12,14,5,0,3.26,,,
2016,12,14,6,0,3.17,,,
2016,12,14,7,0,3.42,,,
2016,12,14,8,0,3.4,,,
2016,12,14,9,0,3.41,,,
2016,12,14,10,0,3.66,,,
2016,12,14,11,0,4.68,,,
2016,12,14,12,0,6.55,,,
2016,12,14,13,0,7.21,,,
2016,12,14,14,0,8.33,,,
2016,12,14,15,0,8.52,,,
2016,12,14,16,0,8.35,,,
2016,12,14,17,0,7.13,,,
2016,12,14,18,0,6.11,,,
2016,12,14,19,0,5.8,,,
2016,12,14,20,0,4.64,,,
2016,12,14,21,0,3.94,,,
2016,12,14,22,0,4.02,,,
2016,12,14,23,0,4.09,,,
2016,12,15,0,0,3.77,,,
2016,12,15,1,0,3.52,,,
2016,12,15,2,0,3.03,,,
2016,12,15,3,0,2.34,,,
2016,12,15,4,0,2.12,,,
2016,12,15,5,0,1.8,,,
2016,12,15,6,0,1.72,,,
2016,12,15,7,0,1.74,,,
2016,12,15,8,0,1.66,,,
2016,12,15,9,0,2.21,,,
2016,12,15,10,0,2.88,,,
2016,12,15,11,0,4.11,,,
2016,12,15,12,0,5.31,,,
2016,12,15,13,0,7.7,,,
2016,12,15,14,0,8.43,,,
2016,12,15,15,0,8.45,,,
2016,12,15,16,0,8.06,,,
2016,12,15,17,0,6.89,,,
2016,12,15,18,0,5.21,,,
2016,12,15,19,0,3.67,,,
2016,12,15,20,0,2.42,,,
2016,12,15,21,0,1.93,,,
2016,12,15,22,0,2.18,,,
2016,12,15,23,0,2.38,,,
2016,12,16,0,0,2.05,,,
2016,12,16,1,0,1.73,,,
2016,12,16,2,0,1.12,,,
2016,12,16,3,0,0.86,,,
2016,12,16,4,0,0.67,,,
2016,12,16,5,0,0.56,,,
2016,12,16,6,0,0.77,,,
2016,12,16,7,0,0.53,,,
2016,12,16,8,0,0.18,,,
2016,12,16,9,0,0.64,,,
2016,12,16,10,0,2.23,,,
2016,12,16,11,0,3.49,,,
2016,12,16,12,0,4.6,,,
2016,12,16,13,0,6.31,,,
2016,12,16,14,0,7.44,,,
2016,12,16,15,0,7.6,,,
2016,12,16,16,0,6.84,,,
2016,12,16,17,0,5.5,,,
2016,12,16,18,0,3.72,,,
2016,12,16,19,0,2.58,,,
2016,12,16,20,0,1.85,,,
2016,12,16,21,0,1.07,,,
2016,12,16,22,0,0.51,,,
2016,12,16,23,0,-0.09,,,
2016,12,17,0,0,-0.31,,,
2016,12,17,1,0,0.57,,,
2016,12,17,2,0,0.43,,,
2016,12,17,3,0,0.72,,,
2016,12,17,4,0,1.41,,,
2016,12,17,5,0,2,,,
2016,12,17,6,0,2.32,,,
2016,12,17,7,0,2.51,,,
2016,12,17,8,0,3.03,,,
2016,12,17,9,0,3.2,,,
2016,12,17,10,0,3.62,,,
2016,12,17,11,0,5.05,,,
2016,12,17,12,0,7.03,,,
2016,12,17,13,0,6.88,,,
2016,12,17,14,0,8.13,,,
2016,12,17,15,0,8.49,,,
2016,12,17,16,0,8.28,,,
2016,12,17,17,0,7.18,,,
2016,12,17,18,0,6.42,,,
2016,12,17,19,0,6,,,
2016,12,17,20,0,5.96,,,
2016,12,17,21,0,6,,,
2016,12,17,22,0,6.02,,,
2016,12,17,23,0,5.92,,,
2016,12,18,0,0,5.66,,,
2016,12,18,1,0,5.08,,,
2016,12,18,2,0,4.57,,,
2016,12,18,3,0,3.86,,,
2016,12,18,4,0,3.46,,,
2016,12,18,5,0,3.18,,,
2016,12,18,6,0,2.87,,,
2016,12,18,7,0,2.69,,,
2016,12,18,8,0,2.43,,,
2016,12,18,9,0,2.38,,,
2016,12,18,10,0,2.74,,,
2016,12,18,11,0,3.73,,,
2016,12,18,12,0,4.96,,,
2016,12,18,13,0,4.62,,,
2016,12,18,14,0,5.58,,,
2016,12,18,15,0,5.86,,,
2016,12,18,16,0,5.3,,,
2016,12,18,17,0,4.09,,,
2016,12,18,18,0,3.31,,,
2016,12,18,19,0,3.13,,,
2016,12,18,20,0,2.6,,,
2016,12,18,21,0,2.17,,,
2016,12,18,22,0,1.64,,,
2016,12,18,23,0,1.35,,,
2016,12,19,0,0,1.33,,,
2016,12,19,1,0,1.39,,,
2016,12,19,2,0,1.47,,,
2016,12,19,3,0,1.07,,,
2016,12,19,4,0,0.95,,,
2016,12,19,5,0,0.65,,,
2016,12,19,6,0,0.34,,,
2016,12,19,7,0,-0.05,,,
2016,12,19,8,0,-0.67,,,
2016,12,19,9,0,-0.52,,,
2016,12,19,10,0,0.48,,,
2016,12,19,11,0,1.96,,,
2016,12,19,12,0,3.21,,,
2016,12,19,13,0,5.96,,,
2016,12,19,14,0,6.59,,,
2016,12,19,15,0,6.8,,,
2016,12,19,16,0,6.69,,,
2016,12,19,17,0,5.79,,,
2016,12,19,18,0,4.17,,,
2016,12,19,19,0,2.63,,,
2016,12,19,20,0,1.8,,,
2016,12,19,21,0,1.4,,,
2016,12,19,22,0,1.07,,,
2016,12,19,23,0,0.61,,,
2016,12,20,0,0,0.36,,,
2016,12,20,1,0,0.35,,,
2016,12,20,2,0,0.07,,,
2016,12,20,3,0,-0.49,,,
2016,12,20,4,0,-0.94,,,
2016,12,20,5,0,-1.94,,,
2016,12,20,6,0,-2.41,,,
2016,12,20,7,0,-2.43,,,
2016,12,20,8,0,-2.05,,,
2016,12,20,9,0,-1.49,,,
2016,12,20,10,0,0.52,,,
2016,12,20,11,0,1.26,,,
2016,12,20,12,0,1.87,,,
2016,12,20,13,0,5.28,,,
2016,12,20,14,0,6.01,,,
2016,12,20,15,0,6.32,,,
2016,12,20,16,0,5.84,,,
2016,12,20,17,0,3.43,,,
2016,12,20,18,0,2.38,,,
2016,12,20,19,0,2.16,,,
2016,12,20,20,0,1.92,,,
2016,12,20,21,0,2,,,
2016,12,20,22,0,2.13,,,
2016,12,20,23,0,2.19,,,
2016,12,21,0,0,2.04,,,
2016,12,21,1,0,2.31,,,
2016,12,21,2,0,2.43,,,
2016,12,21,3,0,2.64,,,
2016,12,21,4,0,2.37,,,
2016,12,21,5,0,2.25,,,
2016,12,21,6,0,2.19,,,
2016,12,21,7,0,2.03,,,
2016,12,21,8,0,1.21,,,
2016,12,21,9,0,1.49,,,
2016,12,21,10,0,2.37,,,
2016,12,21,11,0,3.26,,,
2016,12,21,12,0,4.18,,,
2016,12,21,13,0,4.84,,,
2016,12,21,14,0,5.74,,,
2016,12,21,15,0,6.2,,,
2016,12,21,16,0,6.02,,,
2016,12,21,17,0,5.86,,,
2016,12,21,18,0,5.84,,,
2016,12,21,19,0,5.39,,,
2016,12,21,20,0,4.63,,,
2016,12,21,21,0,3.87,,,
2016,12,21,22,0,3.06,,,
2016,12,21,23,0,3.2,,,
2016,12,22,0,0,4.01,,,
2016,12,22,1,0,4.26,,,
2016,12,22,2,0,4.19,,,
2016,12,22,3,0,4.32,,,
2016,12,22,4,0,4.74,,,
2016,12,22,5,0,4.15,,,
2016,12,22,6,0,2.73,,,
2016,12,22,7,0,2.12,,,
2016,12,22,8,0,2,,,
2016,12,22,9,0,2.26,,,
2016,12,22,10,0,2.97,,,
2016,12,22,11,0,3.81,,,
2016,12,22,12,0,4.68,,,
2016,12,22,13,0,6.64,,,
2016,12,22,14,0,8.02,,,
2016,12,22,15,0,8.49,,,
2016,12,22,16,0,8.46,,,
2016,12,22,17,0,8.26,,,
2016,12,22,18,0,8.11,,,
2016,12,22,19,0,7.78,,,
2016,12,22,20,0,7.89,,,
2016,12,22,21,0,7.77,,,
2016,12,22,22,0,7.61,,,
2016,12,22,23,0,7.64,,,
2016,12,23,0,0,6.85,,,
2016,12,23,1,0,6.9,,,
2016,12,23,2,0,6.99,,,
2016,12,23,3,0,6.71,,,
2016,12,23,4,0,6.16,,,
2016,12,23,5,0,5.99,,,
2016,12,23,6,0,5.91,,,
2016,12,23,7,0,5.67,,,
2016,12,23,8,0,5.19,,,
2016,12,23,9,0,5.05,,,
2016,12,23,10,0,5.57,,,
2016,12,23,11,0,6.48,,,
2016,12,23,12,0,7.57,,,
2016,12,23,13,0,6.59,,,
2016,12,23,14,0,7.38,,,
2016,12,23,15,0,7.99,,,
2016,12,23,16,0,7.84,,,
2016,12,23,17,0,7.25,,,
2016,12,23,18,0,7.06,,,
2016,12,23,19,0,6.91,,,
2016,12,23,20,0,6.74,,,
2016,12,23,21,0,6.81,,,
2016,12,23,22,0,6.54,,,
2016,12,23,23,0,6.31,,,
2016,12,24,0,0,6.57,,,
2016,12,24,1,0,6.31,,,
2016,12,24,2,0,6.65,,,
2016,12,24,3,0,6.24,,,
2016,12,24,4,0,6.2,,,
2016,12,24,5,0,6.16,,,
2016,12,24,6,0,5.29,,,
2016,12,24,7,0,4.86,,,
2016,12,24,8,0,5.75,,,
2016,12,24,9,0,7.35,,,
2016,12,24,10,0,9.08,,,
2016,12,24,11,0,10.53,,,
2016,12,24,12,0,10.38,,,
2016,12,24,13,0,11.08,,,
2016,12,24,14,0,9.63,,,
2016,12,24,15,0,9.51,,,
2016,12,24,16,0,8.61,,,
2016,12,24,17,0,8,,,
2016,12,24,18,0,7.56,,,
2016,12,24,19,0,7.22,,,
2016,12,24,20,0,6.99,,,
2016,12,24,21,0,6.83,,,
2016,12,24,22,0,6.98,,,
2016,12,24,23,0,6.56,,,
2016,12,25,0,0,6.52,,,
2016,12,25,1,0,6.08,,,
2016,12,25,2,0,6.22,,,
2016,12,25,3,0,6.31,,,
2016,12,25,4,0,6.5,,,
2016,12,25,5,0,6.53,,,
2016,12,25,6,0,6.49,,,
2016,12,25,7,0,6.73,,,
2016,12,25,8,0,6.83,,,
2016,12,25,9,0,6.54,,,
2016,12,25,10,0,7.64,,,
2016,12,25,11,0,8.9,,,
2016,12,25,12,0,9.54,,,
2016,12,25,13,0,9.88,,,
2016,12,25,14,0,10.46,,,
2016,12,25,15,0,10.78,,,
2016,12,25,16,0,10.69,,,
2016,12,25,17,0,9.9,,,
2016,12,25,18,0,9.33,,,
2016,12,25,19,0,8.53,,,
2016,12,25,20,0,7.49,,,
2016,12,25,21,0,7.22,,,
2016,12,25,22,0,6.97,,,
2016,12,25,23,0,7.04,,,
2016,12,26,0,0,7.02,,,
2016,12,26,1,0,6.89,,,
2016,12,26,2,0,6.92,,,
2016,12,26,3,0,6.69,,,
2016,12,26,4,0,6.54,,,
2016,12,26,5,0,6.57,,,
2016,12,26,6,0,6.42,,,
2016,12,26,7,0,6.56,,,
2016,12,26,8,0,6.66,,,
2016,12,26,9,0,7.03,,,
2016,12,26,10,0,9.43,,,
2016,12,26,11,0,11.87,,,
2016,12,26,12,0,11.88,,,
2016,12,26,13,0,10.44,,,
2016,12,26,14,0,10.69,,,
2016,12,26,15,0,11.27,,,
2016,12,26,16,0,10.68,,,
2016,12,26,17,0,9.96,,,
2016,12,26,18,0,9.83,,,
2016,12,26,19,0,9.47,,,
2016,12,26,20,0,9.11,,,
2016,12,26,21,0,8.59,,,
2016,12,26,22,0,6.96,,,
2016,12,26,23,0,5.57,,,
2016,12,27,0,0,5.51,,,
2016,12,27,1,0,5.15,,,
2016,12,27,2,0,4.58,,,
2016,12,27,3,0,3.46,,,
2016,12,27,4,0,2.48,,,
2016,12,27,5,0,1.52,,,
2016,12,27,6,0,0.78,,,
2016,12,27,7,0,0.5,,,
2016,12,27,8,0,-0.07,,,
2016,12,27,9,0,0.03,,,
2016,12,27,10,0,1.05,,,
2016,12,27,11,0,2.14,,,
2016,12,27,12,0,3.25,,,
2016,12,27,13,0,4.56,,,
2016,12,27,14,0,5.48,,,
2016,12,27,15,0,5.8,,,
2016,12,27,16,0,5.43,,,
2016,12,27,17,0,4.86,,,
2016,12,27,18,0,4.23,,,
2016,12,27,19,0,3.49,,,
2016,12,27,20,0,2.99,,,
2016,12,27,21,0,2.58,,,
2016,12,27,22,0,2.36,,,
2016,12,27,23,0,1.86,,,
2016,12,28,0,0,1.24,,,
2016,12,28,1,0,0.87,,,
2016,12,28,2,0,0.53,,,
2016,12,28,3,0,0.1,,,
2016,12,28,4,0,-0.05,,,
2016,12,28,5,0,-0.02,,,
2016,12,28,6,0,-0.12,,,
2016,12,28,7,0,-0.28,,,
2016,12,28,8,0,-0.47,,,
2016,12,28,9,0,-0.08,,,
2016,12,28,10,0,1.49,,,
2016,12,28,11,0,3,,,
2016,12,28,12,0,4.43,,,
2016,12,28,13,0,4.85,,,
2016,12,28,14,0,5.88,,,
2016,12,28,15,0,6.31,,,
2016,12,28,16,0,6.1,,,
2016,12,28,17,0,5.17,,,
2016,12,28,18,0,3.28,,,
2016,12,28,19,0,2.08,,,
2016,12,28,20,0,1.22,,,
2016,12,28,21,0,1.09,,,
2016,12,28,22,0,0.93,,,
2016,12,28,23,0,0.51,,,
2016,12,29,0,0,0.34,,,
2016,12,29,1,0,0.21,,,
2016,12,29,2,0,0.21,,,
2016,12,29,3,0,0.2,,,
2016,12,29,4,0,-0.13,,,
2016,12,29,5,0,-0.11,,,
2016,12,29,6,0,-0.31,,,
2016,12,29,7,0,-0.53,,,
2016,12,29,8,0,-0.66,,,
2016,12,29,9,0,-0.4,,,
2016,12,29,10,0,0.87,,,
2016,12,29,11,0,1.52,,,
2016,12,29,12,0,0.84,,,
2016,12,29,13,0,4.06,,,
2016,12,29,14,0,2.91,,,
2016,12,29,15,0,3.11,,,
2016,12,29,16,0,3.19,,,
2016,12,29,17,0,3.18,,,
2016,12,29,18,0,3.02,,,
2016,12,29,19,0,2.53,,,
2016,12,29,20,0,2.47,,,
2016,12,29,21,0,1.81,,,
2016,12,29,22,0,1.03,,,
2016,12,29,23,0,1.15,,,
2016,12,30,0,0,0.12,,,
2016,12,30,1,0,-0.27,,,
2016,12,30,2,0,-0.61,,,
2016,12,30,3,0,-0.8,,,
2016,12,30,4,0,-0.82,,,
2016,12,30,5,0,-0.89,,,
2016,12,30,6,0,-1.05,,,
2016,12,30,7,0,-1.27,,,
2016,12,30,8,0,-1.42,,,
2016,12,30,9,0,-1.17,,,
2016,12,30,10,0,0.17,,,
2016,12,30,11,0,1.92,,,
2016,12,30,12,0,2.87,,,
2016,12,30,13,0,4.31,,,
2016,12,30,14,0,4.87,,,
2016,12,30,15,0,5.11,,,
2016,12,30,16,0,4.78,,,
2016,12,30,17,0,4.54,,,
2016,12,30,18,0,3.92,,,
2016,12,30,19,0,3.36,,,
2016,12,30,20,0,2.85,,,
2016,12,30,21,0,2.38,,,
2016,12,30,22,0,2.4,,,
2016,12,30,23,0,2.51,,,
2016,12,31,0,0,2.49,,,
2016,12,31,1,0,2.5,,,
2016,12,31,2,0,2.31,,,
2016,12,31,3,0,2.2,,,
2016,12,31,4,0,2.21,,,
2016,12,31,5,0,2.32,,,
2016,12,31,6,0,2.36,,,
2016,12,31,7,0,2.25,,,
2016,12,31,8,0,1.88,,,
2016,12,31,9,0,1.8,,,
2016,12,31,10,0,2.23,,,
2016,12,31,11,0,2.95,,,
2016,12,31,12,0,3.95,,,
2016,12,31,13,0,3.73,,,
2016,12,31,14,0,4.29,,,
2016,12,31,15,0,4.73,,,
2016,12,31,16,0,5.01,,,
2016,12,31,17,0,4.59,,,
2016,12,31,18,0,3.51,,,
2016,12,31,19,0,2.91,,,
2016,12,31,20,0,2.97,,,
2016,12,31,21,0,3.17,,,
2016,12,31,22,0,3.29,,,
2016,12,31,23,0,3.32,,,
2017,1,1,0,0,3.39,,,
2017,1,1,1,0,3.38,,,
2017,1,1,2,0,3.39,,,
2017,1,1,3,0,3.45,,,
2017,1,1,4,0,2.98,,,
2017,1,1,5,0,2.49,,,
2017,1,1,6,0,2.25,,,
2017,1,1,7,0,1.89,,,
2017,1,1,8,0,1.65,,,
2017,1,1,9,0,1.75,,,
2017,1,1,10,0,2.12,,,
2017,1,1,11,0,3.23,,,
2017,1,1,12,0,4.29,,,
2017,1,1,13,0,4.59,,,
2017,1,1,14,0,5.41,,,
2017,1,1,15,0,5.61,,,
2017,1,1,16,0,5.31,,,
2017,1,1,17,0,4.98,,,
2017,1,1,18,0,4.88,,,
2017,1,1,19,0,4.26,,,
2017,1,1,20,0,3.47,,,
2017,1,1,21,0,3.2,,,
2017,1,1,22,0,3.02,,,
2017,1,1,23,0,2.9,,,
2017,1,2,0,0,2.68,,,
2017,1,2,1,0,2.43,,,
2017,1,2,2,0,2.34,,,
2017,1,2,3,0,2.14,,,
2017,1,2,4,0,1.99,,,
2017,1,2,5,0,2.07,,,
2017,1,2,6,0,2.41,,,
2017,1,2,7,0,2.27,,,
2017,1,2,8,0,2.23,,,
2017,1,2,9,0,2.2,,,
2017,1,2,10,0,3.04,,,
2017,1,2,11,0,3.92,,,
2017,1,2,12,0,4.51,,,
2017,1,2,13,0,4.3,,,
2017,1,2,14,0,4.42,,,
2017,1,2,15,0,3.77,,,
2017,1,2,16,0,1.76,,,
2017,1,2,17,0,0.56,,,
2017,1,2,18,0,0.35,,,
2017,1,2,19,0,0.4,,,
2017,1,2,20,0,-0.12,,,
2017,1,2,21,0,-0.83,,,
2017,1,2,22,0,-0.81,,,
2017,1,2,23,0,-0.59,,,
2017,1,3,0,0,-0.54,,,
2017,1,3,1,0,-0.23,,,
2017,1,3,2,0,-0.05,,,
2017,1,3,3,0,-0.25,,,
2017,1,3,4,0,-0.45,,,
2017,1,3,5,0,-0.78,,,
2017,1,3,6,0,-1.47,,,
2017,1,3,7,0,-2.44,,,
2017,1,3,8,0,-2.55,,,
2017,1,3,9,0,-2.2,,,
2017,1,3,10,0,-0.62,,,
2017,1,3,11,0,1.63,,,
2017,1,3,12,0,2.96,,,
2017,1,3,13,0,1.3,,,
2017,1,3,14,0,1.79,,,
2017,1,3,15,0,2.26,,,
2017,1,3,16,0,2.2,,,
2017,1,3,17,0,2.01,,,
2017,1,3,18,0,2.1,,,
2017,1,3,19,0,0.96,,,
2017,1,3,20,0,0.03,,,
2017,1,3,21,0,-0.1,,,
2017,1,3,22,0,-0.2,,,
2017,1,3,23,0,-0.12,,,
2017,1,4,0,0,-0.03,,,
2017,1,4,1,0,0.16,,,
2017,1,4,2,0,0.47,,,
2017,1,4,3,0,1.05,,,
2017,1,4,4,0,1.26,,,
2017,1,4,5,0,1.58,,,
2017,1,4,6,0,1.72,,,
2017,1,4,7,0,1.71,,,
2017,1,4,8,0,1.73,,,
2017,1,4,9,0,1.98,,,
2017,1,4,10,0,2.77,,,
2017,1,4,11,0,3.29,,,
2017,1,4,12,0,3.04,,,
2017,1,4,13,0,2.49,,,
2017,1,4,14,0,2.48,,,
2017,1,4,15,0,2.71,,,
2017,1,4,16,0,2.25,,,
2017,1,4,17,0,1.66,,,
2017,1,4,18,0,1.29,,,
2017,1,4,19,0,1.43,,,
2017,1,4,20,0,1.92,,,
2017,1,4,21,0,2.46,,,
2017,1,4,22,0,2.41,,,
2017,1,4,23,0,1.39,,,
2017,1,5,0,0,1.61,,,
2017,1,5,1,0,1.4,,,
2017,1,5,2,0,1.4,,,
2017,1,5,3,0,1.61,,,
2017,1,5,4,0,0.94,,,
2017,1,5,5,0,-0.21,,,
2017,1,5,6,0,-0.87,,,
2017,1,5,7,0,-0.95,,,
2017,1,5,8,0,-0.92,,,
2017,1,5,9,0,-0.61,,,
2017,1,5,10,0,-0.44,,,
2017,1,5,11,0,0.14,,,
2017,1,5,12,0,0.48,,,
2017,1,5,13,0,0.53,,,
2017,1,5,14,0,1.27,,,
2017,1,5,15,0,0.63,,,
2017,1,5,16,0,0.5,,,
2017,1,5,17,0,0.29,,,
2017,1,5,18,0,-0.9,,,
2017,1,5,19,0,-3.09,,,
2017,1,5,20,0,-4.44,,,
2017,1,5,21,0,-3.26,,,
2017,1,5,22,0,-2.56,,,
2017,1,5,23,0,-2.55,,,
2017,1,6,0,0,-2.66,,,
2017,1,6,1,0,-3.17,,,
2017,1,6,2,0,-2.91,,,
2017,1,6,3,0,-2.45,,,
2017,1,6,4,0,-1.79,,,
2017,1,6,5,0,-2.59,,,
2017,1,6,6,0,-3.96,,,
2017,1,6,7,0,-4.42,,,
2017,1,6,8,0,-4.91,,,
2017,1,6,9,0,-4.84,,,
2017,1,6,10,0,-3.74,,,
2017,1,6,11,0,-2.88,,,
2017,1,6,12,0,-2.01,,,
2017,1,6,13,0,-1.78,,,
2017,1,6,14,0,-1.59,,,
2017,1,6,15,0,-1.59,,,
2017,1,6,16,0,-1.83,,,
2017,1,6,17,0,-2.35,,,
2017,1,6,18,0,-3.15,,,
2017,1,6,19,0,-4.34,,,
2017,1,6,20,0,-4.11,,,
2017,1,6,21,0,-4.55,,,
2017,1,6,22,0,-4.96,,,
2017,1,6,23,0,-5.27,,,
2017,1,7,0,0,-5.35,,,
2017,1,7,1,0,-5.44,,,
2017,1,7,2,0,-5.55,,,
2017,1,7,3,0,-5.63,,,
2017,1,7,4,0,-5.75,,,
2017,1,7,5,0,-6.06,,,
2017,1,7,6,0,-6.28,,,
2017,1,7,7,0,-6.15,,,
2017,1,7,8,0,-5.84,,,
2017,1,7,9,0,-5.33,,,
2017,1,7,10,0,-3.81,,,
2017,1,7,11,0,-2.43,,,
2017,1,7,12,0,-0.94,,,
2017,1,7,13,0,-0.54,,,
2017,1,7,14,0,0.05,,,
2017,1,7,15,0,0.39,,,
2017,1,7,16,0,0.65,,,
2017,1,7,17,0,0.63,,,
2017,1,7,18,0,0.75,,,
2017,1,7,19,0,0.37,,,
2017,1,7,20,0,0.09,,,
2017,1,7,21,0,-0.54,,,
2017,1,7,22,0,-1.27,,,
2017,1,7,23,0,-1.5,,,
2017,1,8,0,0,-1.38,,,
2017,1,8,1,0,-1.37,,,
2017,1,8,2,0,-1.3,,,
2017,1,8,3,0,-1.26,,,
2017,1,8,4,0,-1,,,
2017,1,8,5,0,-0.81,,,
2017,1,8,6,0,-0.73,,,
2017,1,8,7,0,-0.71,,,
2017,1,8,8,0,-0.79,,,
2017,1,8,9,0,-0.62,,,
2017,1,8,10,0,-0.24,,,
2017,1,8,11,0,0.92,,,
2017,1,8,12,0,1.29,,,
2017,1,8,13,0,1.42,,,
2017,1,8,14,0,2.31,,,
2017,1,8,15,0,2.84,,,
2017,1,8,16,0,2.86,,,
2017,1,8,17,0,2.55,,,
2017,1,8,18,0,2.16,,,
2017,1,8,19,0,1.65,,,
2017,1,8,20,0,1.08,,,
2017,1,8,21,0,0.17,,,
2017,1,8,22,0,-0.09,,,
2017,1,8,23,0,-0.05,,,
2017,1,9,0,0,-0.1,,,
2017,1,9,1,0,-0.03,,,
2017,1,9,2,0,0.3,,,
2017,1,9,3,0,-0.11,,,
2017,1,9,4,0,-0.72,,,
2017,1,9,5,0,-1.03,,,
2017,1,9,6,0,-1.29,,,
2017,1,9,7,0,-1.58,,,
2017,1,9,8,0,-1.73,,,
2017,1,9,9,0,-1.5,,,
2017,1,9,10,0,-0.27,,,
2017,1,9,11,0,1.44,,,
2017,1,9,12,0,2.59,,,
2017,1,9,13,0,1.33,,,
2017,1,9,14,0,1.97,,,
2017,1,9,15,0,2.49,,,
2017,1,9,16,0,2.6,,,
2017,1,9,17,0,2.13,,,
2017,1,9,18,0,0.95,,,
2017,1,9,19,0,-0.69,,,
2017,1,9,20,0,-1.18,,,
2017,1,9,21,0,-1,,,
2017,1,9,22,0,-1.07,,,
2017,1,9,23,0,-0.83,,,
2017,1,10,0,0,-0.2,,,
2017,1,10,1,0,0.55,,,
2017,1,10,2,0,0.97,,,
2017,1,10,3,0,1.35,,,
2017,1,10,4,0,1.53,,,
2017,1,10,5,0,1.68,,,
2017,1,10,6,0,1.87,,,
2017,1,10,7,0,1.83,,,
2017,1,10,8,0,1.96,,,
2017,1,10,9,0,2.04,,,
2017,1,10,10,0,3.19,,,
2017,1,10,11,0,2.32,,,
2017,1,10,12,0,1.97,,,
2017,1,10,13,0,1.78,,,
2017,1,10,14,0,2.32,,,
2017,1,10,15,0,2.59,,,
2017,1,10,16,0,3.07,,,
2017,1,10,17,0,2.88,,,
2017,1,10,18,0,2.86,,,
2017,1,10,19,0,1.7,,,
2017,1,10,20,0,0.51,,,
2017,1,10,21,0,0.18,,,
2017,1,10,22,0,0.34,,,
2017,1,10,23,0,0.9,,,
2017,1,11,0,0,1.62,,,
2017,1,11,1,0,1.69,,,
2017,1,11,2,0,1.05,,,
2017,1,11,3,0,0.31,,,
2017,1,11,4,0,0.58,,,
2017,1,11,5,0,0.76,,,
2017,1,11,6,0,0.74,,,
2017,1,11,7,0,0.01,,,
2017,1,11,8,0,-1.3,,,
2017,1,11,9,0,-0.69,,,
2017,1,11,10,0,2.76,,,
2017,1,11,11,0,4.25,,,
2017,1,11,12,0,5.19,,,
2017,1,11,13,0,5.3,,,
2017,1,11,14,0,6.28,,,
2017,1,11,15,0,6.13,,,
2017,1,11,16,0,6.46,,,
2017,1,11,17,0,6.41,,,
2017,1,11,18,0,6.17,,,
2017,1,11,19,0,5.74,,,
2017,1,11,20,0,5.6,,,
2017,1,11,21,0,5.55,,,
2017,1,11,22,0,5.4,,,
2017,1,11,23,0,4.73,,,
2017,1,12,0,0,4.2,,,
2017,1,12,1,0,4.1,,,
2017,1,12,2,0,4.11,,,
2017,1,12,3,0,4.03,,,
2017,1,12,4,0,4.39,,,
2017,1,12,5,0,4.12,,,
2017,1,12,6,0,4.07,,,
2017,1,12,7,0,4.22,,,
2017,1,12,8,0,4.43,,,
2017,1,12,9,0,5.04,,,
2017,1,12,10,0,5.68,,,
2017,1,12,11,0,6.28,,,
2017,1,12,12,0,7.57,,,
2017,1,12,13,0,8.65,,,
2017,1,12,14,0,9.26,,,
2017,1,12,15,0,9.69,,,
2017,1,12,16,0,9.6,,,
2017,1,12,17,0,8.65,,,
2017,1,12,18,0,8.04,,,
2017,1,12,19,0,7.44,,,
2017,1,12,20,0,7.72,,,
2017,1,12,21,0,7.19,,,
2017,1,12,22,0,7.4,,,
2017,1,12,23,0,8.07,,,
2017,1,13,0,0,8.49,,,
2017,1,13,1,0,8.1,,,
2017,1,13,2,0,5.17,,,
2017,1,13,3,0,3.65,,,
2017,1,13,4,0,3.26,,,
2017,1,13,5,0,2.19,,,
2017,1,13,6,0,1.51,,,
2017,1,13,7,0,0.95,,,
2017,1,13,8,0,0.64,,,
2017,1,13,9,0,0.71,,,
2017,1,13,10,0,1.27,,,
2017,1,13,11,0,1.78,,,
2017,1,13,12,0,2.4,,,
2017,1,13,13,0,2.3,,,
2017,1,13,14,0,2.29,,,
2017,1,13,15,0,2.42,,,
2017,1,13,16,0,2.1,,,
2017,1,13,17,0,1.42,,,
2017,1,13,18,0,0.79,,,
2017,1,13,19,0,1.4,,,
2017,1,13,20,0,0.36,,,
2017,1,13,21,0,0.77,,,
2017,1,13,22,0,0.72,,,
2017,1,13,23,0,1.61,,,
2017,1,14,0,0,1.98,,,
2017,1,14,1,0,1.89,,,
2017,1,14,2,0,1.46,,,
2017,1,14,3,0,0.54,,,
2017,1,14,4,0,-0.13,,,
2017,1,14,5,0,-0.63,,,
2017,1,14,6,0,-1.23,,,
2017,1,14,7,0,-1.41,,,
2017,1,14,8,0,-1.2,,,
2017,1,14,9,0,-0.97,,,
2017,1,14,10,0,-0.47,,,
2017,1,14,11,0,0.08,,,
2017,1,14,12,0,1.31,,,
2017,1,14,13,0,1.29,,,
2017,1,14,14,0,0.57,,,
2017,1,14,15,0,1.21,,,
2017,1,14,16,0,1.75,,,
2017,1,14,17,0,0.98,,,
2017,1,14,18,0,0.54,,,
2017,1,14,19,0,0.44,,,
2017,1,14,20,0,0,,,
2017,1,14,21,0,-0.13,,,
2017,1,14,22,0,0.03,,,
2017,1,14,23,0,0.1,,,
2017,1,15,0,0,-0.17,,,
2017,1,15,1,0,-0.5,,,
2017,1,15,2,0,-0.12,,,
2017,1,15,3,0,-0.56,,,
2017,1,15,4,0,-0.79,,,
2017,1,15,5,0,-1.56,,,
2017,1,15,6,0,-1.55,,,
2017,1,15,7,0,-1.37,,,
2017,1,15,8,0,-1.28,,,
2017,1,15,9,0,-1.7,,,
2017,1,15,10,0,-0.87,,,
2017,1,15,11,0,-0.25,,,
2017,1,15,12,0,0.35,,,
2017,1,15,13,0,1.78,,,
2017,1,15,14,0,2.08,,,
2017,1,15,15,0,2.06,,,
2017,1,15,16,0,1.71,,,
2017,1,15,17,0,1.3,,,
2017,1,15,18,0,0.03,,,
2017,1,15,19,0,-0.27,,,
2017,1,15,20,0,-0.44,,,
2017,1,15,21,0,-0.67,,,
2017,1,15,22,0,-0.87,,,
2017,1,15,23,0,-1.3,,,
2017,1,16,0,0,-1.24,,,
2017,1,16,1,0,-1.3,,,
2017,1,16,2,0,-1.53,,,
2017,1,16,3,0,-1.93,,,
2017,1,16,4,0,-1.91,,,
2017,1,16,5,0,-2.18,,,
2017,1,16,6,0,-2.6,,,
2017,1,16,7,0,-2.64,,,
2017,1,16,8,0,-2.59,,,
2017,1,16,9,0,-1.77,,,
2017,1,16,10,0,0.22,,,
2017,1,16,11,0,1.94,,,
2017,1,16,12,0,1.77,,,
2017,1,16,13,0,0.82,,,
2017,1,16,14,0,0.98,,,
2017,1,16,15,0,0.58,,,
2017,1,16,16,0,0.43,,,
2017,1,16,17,0,-1.05,,,
2017,1,16,18,0,-2.01,,,
2017,1,16,19,0,-2.6,,,
2017,1,16,20,0,-3.89,,,
2017,1,16,21,0,-4.12,,,
2017,1,16,22,0,-3.46,,,
2017,1,16,23,0,-2.22,,,
2017,1,17,0,0,-2.5,,,
2017,1,17,1,0,-2.63,,,
2017,1,17,2,0,-3.71,,,
2017,1,17,3,0,-3.95,,,
2017,1,17,4,0,-4.07,,,
2017,1,17,5,0,-4.01,,,
2017,1,17,6,0,-4.18,,,
2017,1,17,7,0,-4.4,,,
2017,1,17,8,0,-4.71,,,
2017,1,17,9,0,-4.38,,,
2017,1,17,10,0,-2.63,,,
2017,1,17,11,0,-1.03,,,
2017,1,17,12,0,-0.33,,,
2017,1,17,13,0,0.23,,,
2017,1,17,14,0,0.35,,,
2017,1,17,15,0,0.2,,,
2017,1,17,16,0,-0.2,,,
2017,1,17,17,0,-1.04,,,
2017,1,17,18,0,-1.68,,,
2017,1,17,19,0,-1.85,,,
2017,1,17,20,0,-1.98,,,
2017,1,17,21,0,-2.08,,,
2017,1,17,22,0,-2.19,,,
2017,1,17,23,0,-2.11,,,
2017,1,18,0,0,-1.97,,,
2017,1,18,1,0,-2.14,,,
2017,1,18,2,0,-2.23,,,
2017,1,18,3,0,-2.48,,,
2017,1,18,4,0,-2.65,,,
2017,1,18,5,0,-2.79,,,
2017,1,18,6,0,-2.97,,,
2017,1,18,7,0,-3.16,,,
2017,1,18,8,0,-3.46,,,
2017,1,18,9,0,-3.18,,,
2017,1,18,10,0,-2.29,,,
2017,1,18,11,0,-1.33,,,
2017,1,18,12,0,-0.61,,,
2017,1,18,13,0,0.24,,,
2017,1,18,14,0,0.51,,,
2017,1,18,15,0,0.38,,,
2017,1,18,16,0,-0.06,,,
2017,1,18,17,0,-1.11,,,
2017,1,18,18,0,-1.94,,,
2017,1,18,19,0,-2.42,,,
2017,1,18,20,0,-2.63,,,
2017,1,18,21,0,-2.75,,,
2017,1,18,22,0,-2.77,,,
2017,1,18,23,0,-2.83,,,
2017,1,19,0,0,-2.88,,,
2017,1,19,1,0,-2.94,,,
2017,1,19,2,0,-2.99,,,
2017,1,19,3,0,-3.16,,,
2017,1,19,4,0,-3.58,,,
2017,1,19,5,0,-4.03,,,
2017,1,19,6,0,-4.43,,,
2017,1,19,7,0,-4.47,,,
2017,1,19,8,0,-4.44,,,
2017,1,19,9,0,-4.12,,,
2017,1,19,10,0,-3.15,,,
2017,1,19,11,0,-1.59,,,
2017,1,19,12,0,-0.2,,,
2017,1,19,13,0,0.16,,,
2017,1,19,14,0,0.88,,,
2017,1,19,15,0,1.37,,,
2017,1,19,16,0,1.24,,,
2017,1,19,17,0,0.92,,,
2017,1,19,18,0,0.53,,,
2017,1,19,19,0,-2.08,,,
2017,1,19,20,0,-2.42,,,
2017,1,19,21,0,-1.93,,,
2017,1,19,22,0,-2,,,
2017,1,19,23,0,-2.38,,,
2017,1,20,0,0,-2.73,,,
2017,1,20,1,0,-3.21,,,
2017,1,20,2,0,-3.68,,,
2017,1,20,3,0,-3.82,,,
2017,1,20,4,0,-3.79,,,
2017,1,20,5,0,-3.76,,,
2017,1,20,6,0,-3.8,,,
2017,1,20,7,0,-3.93,,,
2017,1,20,8,0,-3.99,,,
2017,1,20,9,0,-3.6,,,
2017,1,20,10,0,-2.51,,,
2017,1,20,11,0,-1.56,,,
2017,1,20,12,0,-0.36,,,
2017,1,20,13,0,0.2,,,
2017,1,20,14,0,0.98,,,
2017,1,20,15,0,1.39,,,
2017,1,20,16,0,1.3,,,
2017,1,20,17,0,0.96,,,
2017,1,20,18,0,-1.59,,,
2017,1,20,19,0,-2.68,,,
2017,1,20,20,0,-2.56,,,
2017,1,20,21,0,-2.4,,,
2017,1,20,22,0,-2.54,,,
2017,1,20,23,0,-2.81,,,
2017,1,21,0,0,-2.82,,,
2017,1,21,1,0,-2.59,,,
2017,1,21,2,0,-2.7,,,
2017,1,21,3,0,-2.57,,,
2017,1,21,4,0,-2.49,,,
2017,1,21,5,0,-2.66,,,
2017,1,21,6,0,-3.03,,,
2017,1,21,7,0,-3.46,,,
2017,1,21,8,0,-3.88,,,
2017,1,21,9,0,-3.38,,,
2017,1,21,10,0,-1.64,,,
2017,1,21,11,0,-0.05,,,
2017,1,21,12,0,1.67,,,
2017,1,21,13,0,1.65,,,
2017,1,21,14,0,2.17,,,
2017,1,21,15,0,2.43,,,
2017,1,21,16,0,2.13,,,
2017,1,21,17,0,1.86,,,
2017,1,21,18,0,0.84,,,
2017,1,21,19,0,-0.39,,,
2017,1,21,20,0,-1.02,,,
2017,1,21,21,0,-1.17,,,
2017,1,21,22,0,-1.42,,,
2017,1,21,23,0,-1.71,,,
2017,1,22,0,0,-2.09,,,
2017,1,22,1,0,-2.27,,,
2017,1,22,2,0,-1.81,,,
2017,1,22,3,0,-1.16,,,
2017,1,22,4,0,-1.07,,,
2017,1,22,5,0,-0.94,,,
2017,1,22,6,0,-1.25,,,
2017,1,22,7,0,-1.7,,,
2017,1,22,8,0,-2.3,,,
2017,1,22,9,0,-2.38,,,
2017,1,22,10,0,-0.64,,,
2017,1,22,11,0,0.64,,,
2017,1,22,12,0,1.52,,,
2017,1,22,13,0,1.33,,,
2017,1,22,14,0,1.83,,,
2017,1,22,15,0,2.13,,,
2017,1,22,16,0,2.2,,,
2017,1,22,17,0,1.79,,,
2017,1,22,18,0,1.15,,,
2017,1,22,19,0,0.03,,,
2017,1,22,20,0,-0.71,,,
2017,1,22,21,0,-0.98,,,
2017,1,22,22,0,-1,,,
2017,1,22,23,0,-1.22,,,
2017,1,23,0,0,-1.45,,,
2017,1,23,1,0,-1.66,,,
2017,1,23,2,0,-1.8,,,
2017,1,23,3,0,-1.99,,,
2017,1,23,4,0,-2.09,,,
2017,1,23,5,0,-2.2,,,
2017,1,23,6,0,-2.12,,,
2017,1,23,7,0,-2.29,,,
2017,1,23,8,0,-2.44,,,
2017,1,23,9,0,-1.67,,,
2017,1,23,10,0,-1.17,,,
2017,1,23,11,0,-0.79,,,
2017,1,23,12,0,-0.08,,,
2017,1,23,13,0,-0.02,,,
2017,1,23,14,0,0.72,,,
2017,1,23,15,0,1.08,,,
2017,1,23,16,0,0.8,,,
2017,1,23,17,0,-0.14,,,
2017,1,23,18,0,-1.14,,,
2017,1,23,19,0,-1.73,,,
2017,1,23,20,0,-2.19,,,
2017,1,23,21,0,-2.71,,,
2017,1,23,22,0,-2.79,,,
2017,1,23,23,0,-2.62,,,
2017,1,24,0,0,-2.32,,,
2017,1,24,1,0,-2.58,,,
2017,1,24,2,0,-2.62,,,
2017,1,24,3,0,-2.58,,,
2017,1,24,4,0,-2.81,,,
2017,1,24,5,0,-3.05,,,
2017,1,24,6,0,-3.44,,,
2017,1,24,7,0,-3.67,,,
2017,1,24,8,0,-3.49,,,
2017,1,24,9,0,-2.34,,,
2017,1,24,10,0,-1.07,,,
2017,1,24,11,0,-0.51,,,
2017,1,24,12,0,-0.01,,,
2017,1,24,13,0,-1.83,,,
2017,1,24,14,0,-1.42,,,
2017,1,24,15,0,-1.22,,,
2017,1,24,16,0,-1.11,,,
2017,1,24,17,0,-1.79,,,
2017,1,24,18,0,-2.49,,,
2017,1,24,19,0,-2.8,,,
2017,1,24,20,0,-2.65,,,
2017,1,24,21,0,-2.46,,,
2017,1,24,22,0,-2.28,,,
2017,1,24,23,0,-2.44,,,
2017,1,25,0,0,-2.79,,,
2017,1,25,1,0,-3.16,,,
2017,1,25,2,0,-3.79,,,
2017,1,25,3,0,-4.26,,,
2017,1,25,4,0,-4.39,,,
2017,1,25,5,0,-4.51,,,
2017,1,25,6,0,-4.85,,,
2017,1,25,7,0,-5.13,,,
2017,1,25,8,0,-5.36,,,
2017,1,25,9,0,-5.01,,,
2017,1,25,10,0,-4.11,,,
2017,1,25,11,0,-2.92,,,
2017,1,25,12,0,-1.33,,,
2017,1,25,13,0,-1.91,,,
2017,1,25,14,0,-0.98,,,
2017,1,25,15,0,-0.24,,,
2017,1,25,16,0,0.18,,,
2017,1,25,17,0,-0.04,,,
2017,1,25,18,0,-2.09,,,
2017,1,25,19,0,-2.72,,,
2017,1,25,20,0,-2.72,,,
2017,1,25,21,0,-3.03,,,
2017,1,25,22,0,-2.8,,,
2017,1,25,23,0,-3,,,
2017,1,26,0,0,-2.98,,,
2017,1,26,1,0,-3.07,,,
2017,1,26,2,0,-3.08,,,
2017,1,26,3,0,-2.96,,,
2017,1,26,4,0,-3.24,,,
2017,1,26,5,0,-3.81,,,
2017,1,26,6,0,-3.9,,,
2017,1,26,7,0,-3.84,,,
2017,1,26,8,0,-3.9,,,
2017,1,26,9,0,-3.23,,,
2017,1,26,10,0,-1.71,,,
2017,1,26,11,0,-0.37,,,
2017,1,26,12,0,1.13,,,
2017,1,26,13,0,1.38,,,
2017,1,26,14,0,2.15,,,
2017,1,26,15,0,2.42,,,
2017,1,26,16,0,2.14,,,
2017,1,26,17,0,1.21,,,
2017,1,26,18,0,-0.36,,,
2017,1,26,19,0,-1,,,
2017,1,26,20,0,-0.78,,,
2017,1,26,21,0,-0.16,,,
2017,1,26,22,0,-0.06,,,
2017,1,26,23,0,-0.4,,,
2017,1,27,0,0,-1.28,,,
2017,1,27,1,0,-1.13,,,
2017,1,27,2,0,-0.66,,,
2017,1,27,3,0,-0.24,,,
2017,1,27,4,0,-0.66,,,
2017,1,27,5,0,-0.9,,,
2017,1,27,6,0,-0.35,,,
2017,1,27,7,0,0.5,,,
2017,1,27,8,0,1.19,,,
2017,1,27,9,0,1.31,,,
2017,1,27,10,0,2.41,,,
2017,1,27,11,0,3.48,,,
2017,1,27,12,0,4.27,,,
2017,1,27,13,0,5.71,,,
2017,1,27,14,0,6.76,,,
2017,1,27,15,0,7.14,,,
2017,1,27,16,0,7.69,,,
2017,1,27,17,0,6.92,,,
2017,1,27,18,0,5.02,,,
2017,1,27,19,0,3.93,,,
2017,1,27,20,0,3.49,,,
2017,1,27,21,0,3.07,,,
2017,1,27,22,0,2.82,,,
2017,1,27,23,0,2.29,,,
2017,1,28,0,0,2.07,,,
2017,1,28,1,0,1.45,,,
2017,1,28,2,0,1.49,,,
2017,1,28,3,0,2.92,,,
2017,1,28,4,0,3.14,,,
2017,1,28,5,0,3.2,,,
2017,1,28,6,0,2.98,,,
2017,1,28,7,0,3.01,,,
2017,1,28,8,0,2.59,,,
2017,1,28,9,0,3.2,,,
2017,1,28,10,0,3.27,,,
2017,1,28,11,0,5.06,,,
2017,1,28,12,0,7.83,,,
2017,1,28,13,0,7.73,,,
2017,1,28,14,0,8.66,,,
2017,1,28,15,0,9.03,,,
2017,1,28,16,0,9.06,,,
2017,1,28,17,0,8.35,,,
2017,1,28,18,0,7.37,,,
2017,1,28,19,0,6.09,,,
2017,1,28,20,0,3.97,,,
2017,1,28,21,0,2.74,,,
2017,1,28,22,0,3.47,,,
2017,1,28,23,0,3.34,,,
2017,1,29,0,0,3.55,,,
2017,1,29,1,0,3.5,,,
2017,1,29,2,0,3.21,,,
2017,1,29,3,0,4.6,,,
2017,1,29,4,0,4.56,,,
2017,1,29,5,0,3.99,,,
2017,1,29,6,0,3.43,,,
2017,1,29,7,0,4,,,
2017,1,29,8,0,4.59,,,
2017,1,29,9,0,4.58,,,
2017,1,29,10,0,6.05,,,
2017,1,29,11,0,7.57,,,
2017,1,29,12,0,8.24,,,
2017,1,29,13,0,8.65,,,
2017,1,29,14,0,9.38,,,
2017,1,29,15,0,9.35,,,
2017,1,29,16,0,8.62,,,
2017,1,29,17,0,7.4,,,
2017,1,29,18,0,5.12,,,
2017,1,29,19,0,4.06,,,
2017,1,29,20,0,3.25,,,
2017,1,29,21,0,3.65,,,
2017,1,29,22,0,2.65,,,
2017,1,29,23,0,2.44,,,
2017,1,30,0,0,2.64,,,
2017,1,30,1,0,2.58,,,
2017,1,30,2,0,2.67,,,
2017,1,30,3,0,2.75,,,
2017,1,30,4,0,3.56,,,
2017,1,30,5,0,4.71,,,
2017,1,30,6,0,4.94,,,
2017,1,30,7,0,5.37,,,
2017,1,30,8,0,5.75,,,
2017,1,30,9,0,6.64,,,
2017,1,30,10,0,7.84,,,
2017,1,30,11,0,8.35,,,
2017,1,30,12,0,9.34,,,
2017,1,30,13,0,7.7,,,
2017,1,30,14,0,7.65,,,
2017,1,30,15,0,7.52,,,
2017,1,30,16,0,7.74,,,
2017,1,30,17,0,7.5,,,
2017,1,30,18,0,7.7,,,
2017,1,30,19,0,7.77,,,
2017,1,30,20,0,8.03,,,
2017,1,30,21,0,8.11,,,
2017,1,30,22,0,7.42,,,
2017,1,30,23,0,6.29,,,
2017,1,31,0,0,5.61,,,
2017,1,31,1,0,5.76,,,
2017,1,31,2,0,6.25,,,
2017,1,31,3,0,6.82,,,
2017,1,31,4,0,8.04,,,
2017,1,31,5,0,8.41,,,
2017,1,31,6,0,8.78,,,
2017,1,31,7,0,7.89,,,
2017,1,31,8,0,7.82,,,
2017,1,31,9,0,7.68,,,
2017,1,31,10,0,8.4,,,
2017,1,31,11,0,9.5,,,
2017,1,31,12,0,10.15,,,
2017,1,31,13,0,8.85,,,
2017,1,31,14,0,8.77,,,
2017,1,31,15,0,8.97,,,
2017,1,31,16,0,9.19,,,
2017,1,31,17,0,9.01,,,
2017,1,31,18,0,8.65,,,
2017,1,31,19,0,8.64,,,
2017,1,31,20,0,8.63,,,
2017,1,31,21,0,8.6,,,
2017,1,31,22,0,8.78,,,
2017,1,31,23,0,8.57,,,
2017,2,1,0,0,8.5,,,
2017,2,1,1,0,8.44,,,
2017,2,1,2,0,8.4,,,
2017,2,1,3,0,8.34,,,
2017,2,1,4,0,8.12,,,
2017,2,1,5,0,8.09,,,
2017,2,1,6,0,8.16,,,
2017,2,1,7,0,8.37,,,
2017,2,1,8,0,8.22,,,
2017,2,1,9,0,8.76,,,
2017,2,1,10,0,9.51,,,
2017,2,1,11,0,11.07,,,
2017,2,1,12,0,12.26,,,
2017,2,1,13,0,11.17,,,
2017,2,1,14,0,12.23,,,
2017,2,1,15,0,12.9,,,
2017,2,1,16,0,12.86,,,
2017,2,1,17,0,12.06,,,
2017,2,1,18,0,11.1,,,
2017,2,1,19,0,9.78,,,
2017,2,1,20,0,8.28,,,
2017,2,1,21,0,6.65,,,
2017,2,1,22,0,7.74,,,
2017,2,1,23,0,8.07,,,
2017,2,2,0,0,9.06,,,
2017,2,2,1,0,9.36,,,
2017,2,2,2,0,9.66,,,
2017,2,2,3,0,9,,,
2017,2,2,4,0,8.57,,,
2017,2,2,5,0,8.09,,,
2017,2,2,6,0,6.5,,,
2017,2,2,7,0,3.43,,,
2017,2,2,8,0,2.47,,,
2017,2,2,9,0,2.95,,,
2017,2,2,10,0,5.77,,,
2017,2,2,11,0,8.43,,,
2017,2,2,12,0,10.35,,,
2017,2,2,13,0,11.08,,,
2017,2,2,14,0,12.06,,,
2017,2,2,15,0,12.94,,,
2017,2,2,16,0,13.12,,,
2017,2,2,17,0,12.5,,,
2017,2,2,18,0,11.26,,,
2017,2,2,19,0,9.43,,,
2017,2,2,20,0,8.3,,,
2017,2,2,21,0,8.22,,,
2017,2,2,22,0,7.49,,,
2017,2,2,23,0,6.69,,,
2017,2,3,0,0,6.02,,,
2017,2,3,1,0,5.87,,,
2017,2,3,2,0,6.79,,,
2017,2,3,3,0,8.02,,,
2017,2,3,4,0,9.93,,,
2017,2,3,5,0,8.87,,,
2017,2,3,6,0,7.62,,,
2017,2,3,7,0,7.46,,,
2017,2,3,8,0,7.12,,,
2017,2,3,9,0,7.17,,,
2017,2,3,10,0,8.76,,,
2017,2,3,11,0,10.08,,,
2017,2,3,12,0,11.14,,,
2017,2,3,13,0,11.2,,,
2017,2,3,14,0,12.16,,,
2017,2,3,15,0,12.27,,,
2017,2,3,16,0,11.16,,,
2017,2,3,17,0,9.99,,,
2017,2,3,18,0,8.92,,,
2017,2,3,19,0,8.67,,,
2017,2,3,20,0,8.23,,,
2017,2,3,21,0,8.05,,,
2017,2,3,22,0,6.9,,,
2017,2,3,23,0,6.77,,,
2017,2,4,0,0,7.09,,,
2017,2,4,1,0,6.24,,,
2017,2,4,2,0,5.37,,,
2017,2,4,3,0,4.35,,,
2017,2,4,4,0,3.33,,,
2017,2,4,5,0,2.8,,,
2017,2,4,6,0,1.69,,,
2017,2,4,7,0,3.36,,,
2017,2,4,8,0,3.52,,,
2017,2,4,9,0,3.79,,,
2017,2,4,10,0,4.14,,,
2017,2,4,11,0,4.48,,,
2017,2,4,12,0,6.75,,,
2017,2,4,13,0,8.27,,,
2017,2,4,14,0,9.33,,,
2017,2,4,15,0,9.28,,,
2017,2,4,16,0,8.47,,,
2017,2,4,17,0,6.93,,,
2017,2,4,18,0,5.93,,,
2017,2,4,19,0,6.07,,,
2017,2,4,20,0,5.7,,,
2017,2,4,21,0,5.58,,,
2017,2,4,22,0,5.25,,,
2017,2,4,23,0,4.46,,,
2017,2,5,0,0,3.93,,,
2017,2,5,1,0,3.48,,,
2017,2,5,2,0,2.35,,,
2017,2,5,3,0,3.35,,,
2017,2,5,4,0,4.75,,,
2017,2,5,5,0,4.9,,,
2017,2,5,6,0,4.07,,,
2017,2,5,7,0,2.54,,,
2017,2,5,8,0,2.16,,,
2017,2,5,9,0,4.17,,,
2017,2,5,10,0,5.29,,,
2017,2,5,11,0,5.95,,,
2017,2,5,12,0,6.06,,,
2017,2,5,13,0,5.96,,,
2017,2,5,14,0,6.29,,,
2017,2,5,15,0,5.89,,,
2017,2,5,16,0,5.41,,,
2017,2,5,17,0,5.21,,,
2017,2,5,18,0,5.09,,,
2017,2,5,19,0,5.45,,,
2017,2,5,20,0,4.45,,,
2017,2,5,21,0,3.45,,,
2017,2,5,22,0,3.23,,,
2017,2,5,23,0,3.09,,,
2017,2,6,0,0,3.12,,,
2017,2,6,1,0,3.26,,,
2017,2,6,2,0,3.64,,,
2017,2,6,3,0,3.73,,,
2017,2,6,4,0,3.77,,,
2017,2,6,5,0,3.74,,,
2017,2,6,6,0,3.64,,,
2017,2,6,7,0,3.62,,,
2017,2,6,8,0,3.14,,,
2017,2,6,9,0,3.23,,,
2017,2,6,10,0,4.2,,,
2017,2,6,11,0,5.37,,,
2017,2,6,12,0,6.5,,,
2017,2,6,13,0,6.95,,,
2017,2,6,14,0,7.06,,,
2017,2,6,15,0,7.3,,,
2017,2,6,16,0,7.24,,,
2017,2,6,17,0,7.06,,,
2017,2,6,18,0,6.16,,,
2017,2,6,19,0,5.67,,,
2017,2,6,20,0,5.03,,,
2017,2,6,21,0,4.92,,,
2017,2,6,22,0,4.33,,,
2017,2,6,23,0,3.58,,,
2017,2,7,0,0,3.25,,,
2017,2,7,1,0,3.25,,,
2017,2,7,2,0,3.92,,,
2017,2,7,3,0,3.8,,,
2017,2,7,4,0,2.89,,,
2017,2,7,5,0,2.26,,,
2017,2,7,6,0,1.85,,,
2017,2,7,7,0,1.4,,,
2017,2,7,8,0,0.96,,,
2017,2,7,9,0,1.35,,,
2017,2,7,10,0,3.24,,,
2017,2,7,11,0,5.15,,,
2017,2,7,12,0,6.79,,,
2017,2,7,13,0,7.59,,,
2017,2,7,14,0,7.3,,,
2017,2,7,15,0,6.24,,,
2017,2,7,16,0,5.72,,,
2017,2,7,17,0,5.52,,,
2017,2,7,18,0,5.27,,,
2017,2,7,19,0,5.08,,,
2017,2,7,20,0,4.54,,,
2017,2,7,21,0,4.53,,,
2017,2,7,22,0,4.52,,,
2017,2,7,23,0,4.69,,,
2017,2,8,0,0,4.75,,,
2017,2,8,1,0,4.61,,,
2017,2,8,2,0,4.7,,,
2017,2,8,3,0,4.51,,,
2017,2,8,4,0,4.17,,,
2017,2,8,5,0,4.02,,,
2017,2,8,6,0,3.88,,,
2017,2,8,7,0,3.77,,,
2017,2,8,8,0,3.64,,,
2017,2,8,9,0,4.17,,,
2017,2,8,10,0,4.02,,,
2017,2,8,11,0,4.57,,,
2017,2,8,12,0,5.09,,,
2017,2,8,13,0,6.5,,,
2017,2,8,14,0,7,,,
2017,2,8,15,0,7.23,,,
2017,2,8,16,0,7.13,,,
2017,2,8,17,0,7.06,,,
2017,2,8,18,0,6.51,,,
2017,2,8,19,0,6.17,,,
2017,2,8,20,0,4.53,,,
2017,2,8,21,0,3.49,,,
2017,2,8,22,0,3.34,,,
2017,2,8,23,0,2.82,,,
2017,2,9,0,0,2.55,,,
2017,2,9,1,0,2.15,,,
2017,2,9,2,0,1.9,,,
2017,2,9,3,0,1.6,,,
2017,2,9,4,0,0.87,,,
2017,2,9,5,0,0.59,,,
2017,2,9,6,0,0.27,,,
2017,2,9,7,0,-0.13,,,
2017,2,9,8,0,-0.79,,,
2017,2,9,9,0,-0.58,,,
2017,2,9,10,0,0.46,,,
2017,2,9,11,0,2.44,,,
2017,2,9,12,0,5.06,,,
2017,2,9,13,0,6.26,,,
2017,2,9,14,0,7.24,,,
2017,2,9,15,0,7.55,,,
2017,2,9,16,0,6.69,,,
2017,2,9,17,0,6.31,,,
2017,2,9,18,0,4.71,,,
2017,2,9,19,0,3.4,,,
2017,2,9,20,0,2.24,,,
2017,2,9,21,0,1.75,,,
2017,2,9,22,0,0.87,,,
2017,2,9,23,0,-0.04,,,
2017,2,10,0,0,0.12,,,
2017,2,10,1,0,0.56,,,
2017,2,10,2,0,0.82,,,
2017,2,10,3,0,0.67,,,
2017,2,10,4,0,0.68,,,
2017,2,10,5,0,0.64,,,
2017,2,10,6,0,0.48,,,
2017,2,10,7,0,0.61,,,
2017,2,10,8,0,0.68,,,
2017,2,10,9,0,1.35,,,
2017,2,10,10,0,2.6,,,
2017,2,10,11,0,4.43,,,
2017,2,10,12,0,6.82,,,
2017,2,10,13,0,4.83,,,
2017,2,10,14,0,6.26,,,
2017,2,10,15,0,7.56,,,
2017,2,10,16,0,8.62,,,
2017,2,10,17,0,8.31,,,
2017,2,10,18,0,6.89,,,
2017,2,10,19,0,5.15,,,
2017,2,10,20,0,4.03,,,
2017,2,10,21,0,3.5,,,
2017,2,10,22,0,4.36,,,
2017,2,10,23,0,3.94,,,
2017,2,11,0,0,3.25,,,
2017,2,11,1,0,2.51,,,
2017,2,11,2,0,1.76,,,
2017,2,11,3,0,1.74,,,
2017,2,11,4,0,2.24,,,
2017,2,11,5,0,2.31,,,
2017,2,11,6,0,2.35,,,
2017,2,11,7,0,2.3,,,
2017,2,11,8,0,2.44,,,
2017,2,11,9,0,3.12,,,
2017,2,11,10,0,5.35,,,
2017,2,11,11,0,7.12,,,
2017,2,11,12,0,8.5,,,
2017,2,11,13,0,9.41,,,
2017,2,11,14,0,10.66,,,
2017,2,11,15,0,10.83,,,
2017,2,11,16,0,9.97,,,
2017,2,11,17,0,9.32,,,
2017,2,11,18,0,8.62,,,
2017,2,11,19,0,7.99,,,
2017,2,11,20,0,6.98,,,
2017,2,11,21,0,6.64,,,
2017,2,11,22,0,6.09,,,
2017,2,11,23,0,5.85,,,
2017,2,12,0,0,5.52,,,
2017,2,12,1,0,5.42,,,
2017,2,12,2,0,5.27,,,
2017,2,12,3,0,5.36,,,
2017,2,12,4,0,5.06,,,
2017,2,12,5,0,5.08,,,
2017,2,12,6,0,5.25,,,
2017,2,12,7,0,5.27,,,
2017,2,12,8,0,5.32,,,
2017,2,12,9,0,6.23,,,
2017,2,12,10,0,7.01,,,
2017,2,12,11,0,8.12,,,
2017,2,12,12,0,9.73,,,
2017,2,12,13,0,9.52,,,
2017,2,12,14,0,10.4,,,
2017,2,12,15,0,11.02,,,
2017,2,12,16,0,11.17,,,
2017,2,12,17,0,10.6,,,
2017,2,12,18,0,9.71,,,
2017,2,12,19,0,8.31,,,
2017,2,12,20,0,6.85,,,
2017,2,12,21,0,5.68,,,
2017,2,12,22,0,4.8,,,
2017,2,12,23,0,4.01,,,
2017,2,13,0,0,3.87,,,
2017,2,13,1,0,3.33,,,
2017,2,13,2,0,2.49,,,
2017,2,13,3,0,2.18,,,
2017,2,13,4,0,1.68,,,
2017,2,13,5,0,1.16,,,
2017,2,13,6,0,0.68,,,
2017,2,13,7,0,0.65,,,
2017,2,13,8,0,0.5,,,
2017,2,13,9,0,1.7,,,
2017,2,13,10,0,3.45,,,
2017,2,13,11,0,5.28,,,
2017,2,13,12,0,6.87,,,
2017,2,13,13,0,7.52,,,
2017,2,13,14,0,8.33,,,
2017,2,13,15,0,9.38,,,
2017,2,13,16,0,10.29,,,
2017,2,13,17,0,10.1,,,
2017,2,13,18,0,9.02,,,
2017,2,13,19,0,5.67,,,
2017,2,13,20,0,4.87,,,
2017,2,13,21,0,3.93,,,
2017,2,13,22,0,3.09,,,
2017,2,13,23,0,2.56,,,
2017,2,14,0,0,2.02,,,
2017,2,14,1,0,1.5,,,
2017,2,14,2,0,1.04,,,
2017,2,14,3,0,0.73,,,
2017,2,14,4,0,0.91,,,
2017,2,14,5,0,0.77,,,
2017,2,14,6,0,0.79,,,
2017,2,14,7,0,0.01,,,
2017,2,14,8,0,-0.27,,,
2017,2,14,9,0,1.26,,,
2017,2,14,10,0,3.87,,,
2017,2,14,11,0,7.01,,,
2017,2,14,12,0,9.54,,,
2017,2,14,13,0,8.45,,,
2017,2,14,14,0,9.96,,,
2017,2,14,15,0,10.76,,,
2017,2,14,16,0,11.04,,,
2017,2,14,17,0,10.52,,,
2017,2,14,18,0,9.44,,,
2017,2,14,19,0,7.24,,,
2017,2,14,20,0,5.72,,,
2017,2,14,21,0,5.42,,,
2017,2,14,22,0,5.21,,,
2017,2,14,23,0,4.89,,,
2017,2,15,0,0,4.51,,,
2017,2,15,1,0,4.9,,,
2017,2,15,2,0,4.76,,,
2017,2,15,3,0,4.45,,,
2017,2,15,4,0,4.41,,,
2017,2,15,5,0,4.57,,,
2017,2,15,6,0,4.66,,,
2017,2,15,7,0,4.97,,,
2017,2,15,8,0,4.85,,,
2017,2,15,9,0,5.07,,,
2017,2,15,10,0,5.51,,,
2017,2,15,11,0,7.02,,,
2017,2,15,12,0,9.19,,,
2017,2,15,13,0,11.02,,,
2017,2,15,14,0,12.98,,,
2017,2,15,15,0,13.91,,,
2017,2,15,16,0,13.96,,,
2017,2,15,17,0,13.63,,,
2017,2,15,18,0,13.15,,,
2017,2,15,19,0,12.05,,,
2017,2,15,20,0,11.06,,,
2017,2,15,21,0,10.34,,,
2017,2,15,22,0,9.72,,,
2017,2,15,23,0,9.16,,,
2017,2,16,0,0,8.59,,,
2017,2,16,1,0,7.81,,,
2017,2,16,2,0,7.14,,,
2017,2,16,3,0,6.28,,,
2017,2,16,4,0,5.95,,,
2017,2,16,5,0,6.04,,,
2017,2,16,6,0,5.93,,,
2017,2,16,7,0,5.46,,,
2017,2,16,8,0,4.77,,,
2017,2,16,9,0,4.6,,,
2017,2,16,10,0,6.16,,,
2017,2,16,11,0,8.82,,,
2017,2,16,12,0,11,,,
2017,2,16,13,0,12.56,,,
2017,2,16,14,0,13.53,,,
2017,2,16,15,0,14.08,,,
2017,2,16,16,0,14.3,,,
2017,2,16,17,0,14.05,,,
2017,2,16,18,0,13.69,,,
2017,2,16,19,0,13.15,,,
2017,2,16,20,0,12.62,,,
2017,2,16,21,0,12.3,,,
2017,2,16,22,0,12.1,,,
2017,2,16,23,0,11.57,,,
2017,2,17,0,0,11.04,,,
2017,2,17,1,0,9.83,,,
2017,2,17,2,0,9.48,,,
2017,2,17,3,0,9.68,,,
2017,2,17,4,0,9.36,,,
2017,2,17,5,0,9.03,,,
2017,2,17,6,0,8.59,,,
2017,2,17,7,0,7.93,,,
2017,2,17,8,0,7.18,,,
2017,2,17,9,0,7.9,,,
2017,2,17,10,0,8.06,,,
2017,2,17,11,0,8.68,,,
2017,2,17,12,0,8.6,,,
2017,2,17,13,0,6.7,,,
2017,2,17,14,0,8.12,,,
2017,2,17,15,0,8.5,,,
2017,2,17,16,0,8.79,,,
2017,2,17,17,0,8.77,,,
2017,2,17,18,0,8.4,,,
2017,2,17,19,0,7.23,,,
2017,2,17,20,0,6.47,,,
2017,2,17,21,0,6.27,,,
2017,2,17,22,0,6.04,,,
2017,2,17,23,0,5.78,,,
2017,2,18,0,0,5.6,,,
2017,2,18,1,0,5.77,,,
2017,2,18,2,0,6.08,,,
2017,2,18,3,0,6.01,,,
2017,2,18,4,0,5.54,,,
2017,2,18,5,0,5.15,,,
2017,2,18,6,0,4.93,,,
2017,2,18,7,0,3.93,,,
2017,2,18,8,0,3.12,,,
2017,2,18,9,0,4.07,,,
2017,2,18,10,0,5.53,,,
2017,2,18,11,0,7.33,,,
2017,2,18,12,0,8.5,,,
2017,2,18,13,0,9.53,,,
2017,2,18,14,0,10.27,,,
2017,2,18,15,0,10.68,,,
2017,2,18,16,0,10.73,,,
2017,2,18,17,0,10.31,,,
2017,2,18,18,0,9.95,,,
2017,2,18,19,0,8.6,,,
2017,2,18,20,0,7.09,,,
2017,2,18,21,0,5.78,,,
2017,2,18,22,0,4.94,,,
2017,2,18,23,0,4.46,,,
2017,2,19,0,0,3.53,,,
2017,2,19,1,0,2.66,,,
2017,2,19,2,0,2.1,,,
2017,2,19,3,0,1.41,,,
2017,2,19,4,0,1.17,,,
2017,2,19,5,0,0.79,,,
2017,2,19,6,0,0.25,,,
2017,2,19,7,0,0.66,,,
2017,2,19,8,0,1.57,,,
2017,2,19,9,0,2.69,,,
2017,2,19,10,0,4.24,,,
2017,2,19,11,0,5.44,,,
2017,2,19,12,0,7.96,,,
2017,2,19,13,0,9.98,,,
2017,2,19,14,0,10.46,,,
2017,2,19,15,0,10.67,,,
2017,2,19,16,0,10.52,,,
2017,2,19,17,0,9.82,,,
2017,2,19,18,0,8.37,,,
2017,2,19,19,0,7.09,,,
2017,2,19,20,0,6.3,,,
2017,2,19,21,0,5.99,,,
2017,2,19,22,0,6.07,,,
2017,2,19,23,0,6.49,,,
2017,2,20,0,0,6.94,,,
2017,2,20,1,0,6.48,,,
2017,2,20,2,0,6.32,,,
2017,2,20,3,0,6.04,,,
2017,2,20,4,0,5.29,,,
2017,2,20,5,0,5,,,
2017,2,20,6,0,4.14,,,
2017,2,20,7,0,3.93,,,
2017,2,20,8,0,3.44,,,
2017,2,20,9,0,5.36,,,
2017,2,20,10,0,9.25,,,
2017,2,20,11,0,10.52,,,
2017,2,20,12,0,11.42,,,
2017,2,20,13,0,8.39,,,
2017,2,20,14,0,8.68,,,
2017,2,20,15,0,9.27,,,
2017,2,20,16,0,9.66,,,
2017,2,20,17,0,9.3,,,
2017,2,20,18,0,8.83,,,
2017,2,20,19,0,8.89,,,
2017,2,20,20,0,9.08,,,
2017,2,20,21,0,8.7,,,
2017,2,20,22,0,8.47,,,
2017,2,20,23,0,8.55,,,
2017,2,21,0,0,8.79,,,
2017,2,21,1,0,8.96,,,
2017,2,21,2,0,9.02,,,
2017,2,21,3,0,8.91,,,
2017,2,21,4,0,8.87,,,
2017,2,21,5,0,8.65,,,
2017,2,21,6,0,8.88,,,
2017,2,21,7,0,9.24,,,
2017,2,21,8,0,9.36,,,
2017,2,21,9,0,10.28,,,
2017,2,21,10,0,10.92,,,
2017,2,21,11,0,11.57,,,
2017,2,21,12,0,13.06,,,
2017,2,21,13,0,11.69,,,
2017,2,21,14,0,12.4,,,
2017,2,21,15,0,12.65,,,
2017,2,21,16,0,12.83,,,
2017,2,21,17,0,12.66,,,
2017,2,21,18,0,11.84,,,
2017,2,21,19,0,11.16,,,
2017,2,21,20,0,10.73,,,
2017,2,21,21,0,10.31,,,
2017,2,21,22,0,10.28,,,
2017,2,21,23,0,10.3,,,
2017,2,22,0,0,10.48,,,
2017,2,22,1,0,10.24,,,
2017,2,22,2,0,9.88,,,
2017,2,22,3,0,9.06,,,
2017,2,22,4,0,9.1,,,
2017,2,22,5,0,8.98,,,
2017,2,22,6,0,8.93,,,
2017,2,22,7,0,8.46,,,
2017,2,22,8,0,8.21,,,
2017,2,22,9,0,9.02,,,
2017,2,22,10,0,9.8,,,
2017,2,22,11,0,10.89,,,
2017,2,22,12,0,12.01,,,
2017,2,22,13,0,12.78,,,
2017,2,22,14,0,13.05,,,
2017,2,22,15,0,13.29,,,
2017,2,22,16,0,13.14,,,
2017,2,22,17,0,12.44,,,
2017,2,22,18,0,11.54,,,
2017,2,22,19,0,10.78,,,
2017,2,22,20,0,10.06,,,
2017,2,22,21,0,9.57,,,
2017,2,22,22,0,9.38,,,
2017,2,22,23,0,9.31,,,
2017,2,23,0,0,9.24,,,
2017,2,23,1,0,9.2,,,
2017,2,23,2,0,9.06,,,
2017,2,23,3,0,8.72,,,
2017,2,23,4,0,8.2,,,
2017,2,23,5,0,7.8,,,
2017,2,23,6,0,7.89,,,
2017,2,23,7,0,7.7,,,
2017,2,23,8,0,7.36,,,
2017,2,23,9,0,8.42,,,
2017,2,23,10,0,11.64,,,
2017,2,23,11,0,14.62,,,
2017,2,23,12,0,16.35,,,
2017,2,23,13,0,17.66,,,
2017,2,23,14,0,17.72,,,
2017,2,23,15,0,17.41,,,
2017,2,23,16,0,16.8,,,
2017,2,23,17,0,15.65,,,
2017,2,23,18,0,13.77,,,
2017,2,23,19,0,13,,,
2017,2,23,20,0,12.1,,,
2017,2,23,21,0,11.24,,,
2017,2,23,22,0,10.53,,,
2017,2,23,23,0,9.82,,,
2017,2,24,0,0,8.65,,,
2017,2,24,1,0,7.67,,,
2017,2,24,2,0,6.7,,,
2017,2,24,3,0,6.13,,,
2017,2,24,4,0,5.66,,,
2017,2,24,5,0,5.16,,,
2017,2,24,6,0,4.66,,,
2017,2,24,7,0,4.52,,,
2017,2,24,8,0,4.79,,,
2017,2,24,9,0,5.32,,,
2017,2,24,10,0,5.63,,,
2017,2,24,11,0,5.5,,,
2017,2,24,12,0,5.59,,,
2017,2,24,13,0,6.43,,,
2017,2,24,14,0,6.55,,,
2017,2,24,15,0,6.71,,,
2017,2,24,16,0,6.7,,,
2017,2,24,17,0,6.22,,,
2017,2,24,18,0,5.76,,,
2017,2,24,19,0,4.81,,,
2017,2,24,20,0,4.16,,,
2017,2,24,21,0,4.04,,,
2017,2,24,22,0,3.61,,,
2017,2,24,23,0,3.47,,,
2017,2,25,0,0,2.68,,,
2017,2,25,1,0,2.05,,,
2017,2,25,2,0,1.68,,,
2017,2,25,3,0,1.38,,,
2017,2,25,4,0,0.97,,,
2017,2,25,5,0,0.66,,,
2017,2,25,6,0,0.12,,,
2017,2,25,7,0,0.16,,,
2017,2,25,8,0,0.46,,,
2017,2,25,9,0,2.03,,,
2017,2,25,10,0,3.58,,,
2017,2,25,11,0,5.38,,,
2017,2,25,12,0,7.27,,,
2017,2,25,13,0,8.63,,,
2017,2,25,14,0,9.56,,,
2017,2,25,15,0,10.34,,,
2017,2,25,16,0,10.6,,,
2017,2,25,17,0,10.16,,,
2017,2,25,18,0,9.44,,,
2017,2,25,19,0,8.41,,,
2017,2,25,20,0,6.16,,,
2017,2,25,21,0,4.31,,,
2017,2,25,22,0,4.26,,,
2017,2,25,23,0,4.2,,,
2017,2,26,0,0,3.2,,,
2017,2,26,1,0,3.07,,,
2017,2,26,2,0,3.83,,,
2017,2,26,3,0,4.27,,,
2017,2,26,4,0,3.99,,,
2017,2,26,5,0,3.89,,,
2017,2,26,6,0,4.08,,,
2017,2,26,7,0,4.45,,,
2017,2,26,8,0,5.28,,,
2017,2,26,9,0,5.77,,,
2017,2,26,10,0,6.97,,,
2017,2,26,11,0,8.65,,,
2017,2,26,12,0,11.5,,,
2017,2,26,13,0,12.21,,,
2017,2,26,14,0,12.96,,,
2017,2,26,15,0,13.9,,,
2017,2,26,16,0,14.24,,,
2017,2,26,17,0,13.39,,,
2017,2,26,18,0,12.65,,,
2017,2,26,19,0,11.28,,,
2017,2,26,20,0,10.48,,,
2017,2,26,21,0,9.96,,,
2017,2,26,22,0,8.76,,,
2017,2,26,23,0,7.83,,,
2017,2,27,0,0,7.35,,,
2017,2,27,1,0,7.41,,,
2017,2,27,2,0,7.21,,,
2017,2,27,3,0,6.16,,,
2017,2,27,4,0,5.43,,,
2017,2,27,5,0,5.27,,,
2017,2,27,6,0,5.84,,,
2017,2,27,7,0,6.57,,,
2017,2,27,8,0,5.98,,,
2017,2,27,9,0,6.27,,,
2017,2,27,10,0,9.1,,,
2017,2,27,11,0,12.66,,,
2017,2,27,12,0,14.16,,,
2017,2,27,13,0,12.84,,,
2017,2,27,14,0,15.83,,,
2017,2,27,15,0,14.88,,,
2017,2,27,16,0,14.57,,,
2017,2,27,17,0,13.67,,,
2017,2,27,18,0,12.65,,,
2017,2,27,19,0,12,,,
2017,2,27,20,0,11.73,,,
2017,2,27,21,0,11.37,,,
2017,2,27,22,0,11.22,,,
2017,2,27,23,0,11.05,,,
2017,2,28,0,0,10.68,,,
2017,2,28,1,0,10.17,,,
2017,2,28,2,0,9.32,,,
2017,2,28,3,0,9.43,,,
2017,2,28,4,0,9.23,,,
2017,2,28,5,0,8.29,,,
2017,2,28,6,0,7.91,,,
2017,2,28,7,0,6.87,,,
2017,2,28,8,0,5.81,,,
2017,2,28,9,0,6.68,,,
2017,2,28,10,0,10.19,,,
2017,2,28,11,0,11.11,,,
2017,2,28,12,0,11.88,,,
2017,2,28,13,0,10.7,,,
2017,2,28,14,0,11.48,,,
2017,2,28,15,0,10.81,,,
2017,2,28,16,0,8.04,,,
2017,2,28,17,0,6.89,,,
2017,2,28,18,0,6.5,,,
2017,2,28,19,0,5.36,,,
2017,2,28,20,0,5.24,,,
2017,2,28,21,0,4.84,,,
2017,2,28,22,0,4.29,,,
2017,2,28,23,0,3.54,,,
2017,3,1,0,0,2.94,,,
2017,3,1,1,0,2.72,,,
2017,3,1,2,0,2.62,,,
2017,3,1,3,0,3.22,,,
2017,3,1,4,0,3.67,,,
2017,3,1,5,0,3.31,,,
2017,3,1,6,0,3.03,,,
2017,3,1,7,0,3.18,,,
2017,3,1,8,0,3.75,,,
2017,3,1,9,0,5.25,,,
2017,3,1,10,0,5.98,,,
2017,3,1,11,0,6.81,,,
2017,3,1,12,0,7.14,,,
2017,3,1,13,0,8.26,,,
2017,3,1,14,0,9.14,,,
2017,3,1,15,0,9.84,,,
2017,3,1,16,0,10.56,,,
2017,3,1,17,0,9.63,,,
2017,3,1,18,0,8.28,,,
2017,3,1,19,0,7.79,,,
2017,3,1,20,0,8,,,
2017,3,1,21,0,8.74,,,
2017,3,1,22,0,9.65,,,
2017,3,1,23,0,9.77,,,
2017,3,2,0,0,10,,,
2017,3,2,1,0,10.17,,,
2017,3,2,2,0,9.9,,,
2017,3,2,3,0,9.76,,,
2017,3,2,4,0,9.54,,,
2017,3,2,5,0,9.66,,,
2017,3,2,6,0,9.32,,,
2017,3,2,7,0,8.61,,,
2017,3,2,8,0,7.75,,,
2017,3,2,9,0,7.89,,,
2017,3,2,10,0,8.06,,,
2017,3,2,11,0,8.24,,,
2017,3,2,12,0,8.59,,,
2017,3,2,13,0,10.49,,,
2017,3,2,14,0,10.92,,,
2017,3,2,15,0,11.2,,,
2017,3,2,16,0,11.15,,,
2017,3,2,17,0,10.72,,,
2017,3,2,18,0,9.59,,,
2017,3,2,19,0,8.92,,,
2017,3,2,20,0,8.34,,,
2017,3,2,21,0,7.2,,,
2017,3,2,22,0,5.99,,,
2017,3,2,23,0,5.66,,,
2017,3,3,0,0,5.13,,,
2017,3,3,1,0,4.43,,,
2017,3,3,2,0,4.13,,,
2017,3,3,3,0,1.49,,,
2017,3,3,4,0,1.07,,,
2017,3,3,5,0,1.5,,,
2017,3,3,6,0,1.61,,,
2017,3,3,7,0,1.78,,,
2017,3,3,8,0,3.01,,,
2017,3,3,9,0,5.86,,,
2017,3,3,10,0,8.24,,,
2017,3,3,11,0,10.37,,,
2017,3,3,12,0,12.29,,,
2017,3,3,13,0,12.6,,,
2017,3,3,14,0,13.92,,,
2017,3,3,15,0,14.79,,,
2017,3,3,16,0,15.08,,,
2017,3,3,17,0,14.65,,,
2017,3,3,18,0,13.68,,,
2017,3,3,19,0,11.98,,,
2017,3,3,20,0,9.62,,,
2017,3,3,21,0,8.27,,,
2017,3,3,22,0,7.75,,,
2017,3,3,23,0,6.46,,,
2017,3,4,0,0,4.64,,,
2017,3,4,1,0,3.8,,,
2017,3,4,2,0,3.2,,,
2017,3,4,3,0,3.11,,,
2017,3,4,4,0,2.63,,,
2017,3,4,5,0,2.32,,,
2017,3,4,6,0,4.23,,,
2017,3,4,7,0,3.83,,,
2017,3,4,8,0,4.79,,,
2017,3,4,9,0,7.37,,,
2017,3,4,10,0,10.48,,,
2017,3,4,11,0,13.86,,,
2017,3,4,12,0,14.28,,,
2017,3,4,13,0,13.36,,,
2017,3,4,14,0,14.71,,,
2017,3,4,15,0,14.21,,,
2017,3,4,16,0,12.31,,,
2017,3,4,17,0,12.28,,,
2017,3,4,18,0,10.49,,,
2017,3,4,19,0,8.45,,,
2017,3,4,20,0,7.67,,,
2017,3,4,21,0,7.6,,,
2017,3,4,22,0,7.46,,,
2017,3,4,23,0,6.89,,,
2017,3,5,0,0,5.93,,,
2017,3,5,1,0,5.39,,,
2017,3,5,2,0,4.85,,,
2017,3,5,3,0,4.29,,,
2017,3,5,4,0,4.09,,,
2017,3,5,5,0,4.07,,,
2017,3,5,6,0,3.74,,,
2017,3,5,7,0,3.44,,,
2017,3,5,8,0,4.89,,,
2017,3,5,9,0,6.33,,,
2017,3,5,10,0,7.71,,,
2017,3,5,11,0,9.04,,,
2017,3,5,12,0,10.21,,,
2017,3,5,13,0,10.82,,,
2017,3,5,14,0,10.16,,,
2017,3,5,15,0,8.99,,,
2017,3,5,16,0,8.03,,,
2017,3,5,17,0,6.65,,,
2017,3,5,18,0,7.61,,,
2017,3,5,19,0,7.35,,,
2017,3,5,20,0,6.41,,,
2017,3,5,21,0,6.43,,,
2017,3,5,22,0,7.16,,,
2017,3,5,23,0,6.28,,,
2017,3,6,0,0,6.21,,,
2017,3,6,1,0,5.51,,,
2017,3,6,2,0,5.1,,,
2017,3,6,3,0,4.43,,,
2017,3,6,4,0,4.35,,,
2017,3,6,5,0,4.46,,,
2017,3,6,6,0,4.45,,,
2017,3,6,7,0,4.64,,,
2017,3,6,8,0,5.29,,,
2017,3,6,9,0,6.1,,,
2017,3,6,10,0,6.72,,,
2017,3,6,11,0,7.15,,,
2017,3,6,12,0,6.81,,,
2017,3,6,13,0,6.71,,,
2017,3,6,14,0,5.37,,,
2017,3,6,15,0,5.23,,,
2017,3,6,16,0,5.56,,,
2017,3,6,17,0,5.1,,,
2017,3,6,18,0,3.56,,,
2017,3,6,19,0,3.21,,,
2017,3,6,20,0,2.85,,,
2017,3,6,21,0,3.28,,,
2017,3,6,22,0,4.01,,,
2017,3,6,23,0,3.79,,,
2017,3,7,0,0,4.57,,,
2017,3,7,1,0,4.72,,,
2017,3,7,2,0,4.46,,,
2017,3,7,3,0,4.12,,,
2017,3,7,4,0,3.96,,,
2017,3,7,5,0,3.78,,,
2017,3,7,6,0,3.58,,,
2017,3,7,7,0,3.51,,,
2017,3,7,8,0,3.73,,,
2017,3,7,9,0,5.01,,,
2017,3,7,10,0,5.53,,,
2017,3,7,11,0,6.44,,,
2017,3,7,12,0,7.19,,,
2017,3,7,13,0,6.88,,,
2017,3,7,14,0,7.53,,,
2017,3,7,15,0,7.62,,,
2017,3,7,16,0,7.75,,,
2017,3,7,17,0,7.56,,,
2017,3,7,18,0,6.98,,,
2017,3,7,19,0,5.94,,,
2017,3,7,20,0,5.23,,,
2017,3,7,21,0,5.03,,,
2017,3,7,22,0,4.21,,,
2017,3,7,23,0,3.04,,,
2017,3,8,0,0,1.9,,,
2017,3,8,1,0,1.41,,,
2017,3,8,2,0,1.91,,,
2017,3,8,3,0,2.45,,,
2017,3,8,4,0,2.48,,,
2017,3,8,5,0,2.43,,,
2017,3,8,6,0,2.03,,,
2017,3,8,7,0,1.55,,,
2017,3,8,8,0,1.82,,,
2017,3,8,9,0,3.72,,,
2017,3,8,10,0,6.12,,,
2017,3,8,11,0,8.68,,,
2017,3,8,12,0,10.61,,,
2017,3,8,13,0,10.34,,,
2017,3,8,14,0,8.24,,,
2017,3,8,15,0,8.26,,,
2017,3,8,16,0,8.63,,,
2017,3,8,17,0,9.52,,,
2017,3,8,18,0,10.04,,,
2017,3,8,19,0,9.77,,,
2017,3,8,20,0,9.73,,,
2017,3,8,21,0,10,,,
2017,3,8,22,0,9.94,,,
2017,3,8,23,0,9.84,,,
2017,3,9,0,0,9.87,,,
2017,3,9,1,0,9.81,,,
2017,3,9,2,0,9.76,,,
2017,3,9,3,0,10,,,
2017,3,9,4,0,10.28,,,
2017,3,9,5,0,10.23,,,
2017,3,9,6,0,9.87,,,
2017,3,9,7,0,9.55,,,
2017,3,9,8,0,9.51,,,
2017,3,9,9,0,9.49,,,
2017,3,9,10,0,9.43,,,
2017,3,9,11,0,9.94,,,
2017,3,9,12,0,10.38,,,
2017,3,9,13,0,11.31,,,
2017,3,9,14,0,11.2,,,
2017,3,9,15,0,11.4,,,
2017,3,9,16,0,11.15,,,
2017,3,9,17,0,10.72,,,
2017,3,9,18,0,10.67,,,
2017,3,9,19,0,10.65,,,
2017,3,9,20,0,10.1,,,
2017,3,9,21,0,9.7,,,
2017,3,9,22,0,9.35,,,
2017,3,9,23,0,9.12,,,
2017,3,10,0,0,8.98,,,
2017,3,10,1,0,9.16,,,
2017,3,10,2,0,8.65,,,
2017,3,10,3,0,8.36,,,
2017,3,10,4,0,7.91,,,
2017,3,10,5,0,6.97,,,
2017,3,10,6,0,6.5,,,
2017,3,10,7,0,5.9,,,
2017,3,10,8,0,6.07,,,
2017,3,10,9,0,7.07,,,
2017,3,10,10,0,8.2,,,
2017,3,10,11,0,9.15,,,
2017,3,10,12,0,9.85,,,
2017,3,10,13,0,10.94,,,
2017,3,10,14,0,11.5,,,
2017,3,10,15,0,11.88,,,
2017,3,10,16,0,11.89,,,
2017,3,10,17,0,11.53,,,
2017,3,10,18,0,10.39,,,
2017,3,10,19,0,8.95,,,
2017,3,10,20,0,8.1,,,
2017,3,10,21,0,7.39,,,
2017,3,10,22,0,7.01,,,
2017,3,10,23,0,6.57,,,
2017,3,11,0,0,5.73,,,
2017,3,11,1,0,4.26,,,
2017,3,11,2,0,3.74,,,
2017,3,11,3,0,3.07,,,
2017,3,11,4,0,2.73,,,
2017,3,11,5,0,2.25,,,
2017,3,11,6,0,1.91,,,
2017,3,11,7,0,1.66,,,
2017,3,11,8,0,3.17,,,
2017,3,11,9,0,5.8,,,
2017,3,11,10,0,8.49,,,
2017,3,11,11,0,10.91,,,
2017,3,11,12,0,12.77,,,
2017,3,11,13,0,13.79,,,
2017,3,11,14,0,14.94,,,
2017,3,11,15,0,15.48,,,
2017,3,11,16,0,15.56,,,
2017,3,11,17,0,15.18,,,
2017,3,11,18,0,14.29,,,
2017,3,11,19,0,13.57,,,
2017,3,11,20,0,12.38,,,
2017,3,11,21,0,11.39,,,
2017,3,11,22,0,10.7,,,
2017,3,11,23,0,10.22,,,
2017,3,12,0,0,9.94,,,
2017,3,12,1,0,10.02,,,
2017,3,12,2,0,9.05,,,
2017,3,12,3,0,7.72,,,
2017,3,12,4,0,7.07,,,
2017,3,12,5,0,6.77,,,
2017,3,12,6,0,6.43,,,
2017,3,12,7,0,6.21,,,
2017,3,12,8,0,6.87,,,
2017,3,12,9,0,8.63,,,
2017,3,12,10,0,10.28,,,
2017,3,12,11,0,11.74,,,
2017,3,12,12,0,14.07,,,
2017,3,12,13,0,14.85,,,
2017,3,12,14,0,15.75,,,
2017,3,12,15,0,16.25,,,
2017,3,12,16,0,16.34,,,
2017,3,12,17,0,15.87,,,
2017,3,12,18,0,14.95,,,
2017,3,12,19,0,14.09,,,
2017,3,12,20,0,12.45,,,
2017,3,12,21,0,9.82,,,
2017,3,12,22,0,9.04,,,
2017,3,12,23,0,7.64,,,
2017,3,13,0,0,7.07,,,
2017,3,13,1,0,6.33,,,
2017,3,13,2,0,5.47,,,
2017,3,13,3,0,4.46,,,
2017,3,13,4,0,3.75,,,
2017,3,13,5,0,3.5,,,
2017,3,13,6,0,3.16,,,
2017,3,13,7,0,2.82,,,
2017,3,13,8,0,3.73,,,
2017,3,13,9,0,5.2,,,
2017,3,13,10,0,7.06,,,
2017,3,13,11,0,8.71,,,
2017,3,13,12,0,9.95,,,
2017,3,13,13,0,11.88,,,
2017,3,13,14,0,12.89,,,
2017,3,13,15,0,13.55,,,
2017,3,13,16,0,13.84,,,
2017,3,13,17,0,13.61,,,
2017,3,13,18,0,12.75,,,
2017,3,13,19,0,11.07,,,
2017,3,13,20,0,9.43,,,
2017,3,13,21,0,8.31,,,
2017,3,13,22,0,8.01,,,
2017,3,13,23,0,7.75,,,
2017,3,14,0,0,7.42,,,
2017,3,14,1,0,6.7,,,
2017,3,14,2,0,6.2,,,
2017,3,14,3,0,5.93,,,
2017,3,14,4,0,5.88,,,
2017,3,14,5,0,5.53,,,
2017,3,14,6,0,5.57,,,
2017,3,14,7,0,5.94,,,
2017,3,14,8,0,6.39,,,
2017,3,14,9,0,7.51,,,
2017,3,14,10,0,9.42,,,
2017,3,14,11,0,11.31,,,
2017,3,14,12,0,12.77,,,
2017,3,14,13,0,14.21,,,
2017,3,14,14,0,14.87,,,
2017,3,14,15,0,15.24,,,
2017,3,14,16,0,15.32,,,
2017,3,14,17,0,14.97,,,
2017,3,14,18,0,14.04,,,
2017,3,14,19,0,13.51,,,
2017,3,14,20,0,12.21,,,
2017,3,14,21,0,11.12,,,
2017,3,14,22,0,10.33,,,
2017,3,14,23,0,9.95,,,
2017,3,15,0,0,9.72,,,
2017,3,15,1,0,9.22,,,
2017,3,15,2,0,8.61,,,
2017,3,15,3,0,8.23,,,
2017,3,15,4,0,7.64,,,
2017,3,15,5,0,7.02,,,
2017,3,15,6,0,6.5,,,
2017,3,15,7,0,6.01,,,
2017,3,15,8,0,6.27,,,
2017,3,15,9,0,7.9,,,
2017,3,15,10,0,10.18,,,
2017,3,15,11,0,12.3,,,
2017,3,15,12,0,13.71,,,
2017,3,15,13,0,14.45,,,
2017,3,15,14,0,14.88,,,
2017,3,15,15,0,15.06,,,
2017,3,15,16,0,15.03,,,
2017,3,15,17,0,14.51,,,
2017,3,15,18,0,13.51,,,
2017,3,15,19,0,11.91,,,
2017,3,15,20,0,10.76,,,
2017,3,15,21,0,9.88,,,
2017,3,15,22,0,9.1,,,
2017,3,15,23,0,8.61,,,
2017,3,16,0,0,8.04,,,
2017,3,16,1,0,7.72,,,
2017,3,16,2,0,7.77,,,
2017,3,16,3,0,6.98,,,
2017,3,16,4,0,5.71,,,
2017,3,16,5,0,4.9,,,
2017,3,16,6,0,4.64,,,
2017,3,16,7,0,4.6,,,
2017,3,16,8,0,5.35,,,
2017,3,16,9,0,7.75,,,
2017,3,16,10,0,10.27,,,
2017,3,16,11,0,12.49,,,
2017,3,16,12,0,14.21,,,
2017,3,16,13,0,15.81,,,
2017,3,16,14,0,16.85,,,
2017,3,16,15,0,17.5,,,
2017,3,16,16,0,17.8,,,
2017,3,16,17,0,17.5,,,
2017,3,16,18,0,16.61,,,
2017,3,16,19,0,15.39,,,
2017,3,16,20,0,14.28,,,
2017,3,16,21,0,13.44,,,
2017,3,16,22,0,12.5,,,
2017,3,16,23,0,11.27,,,
2017,3,17,0,0,10.44,,,
2017,3,17,1,0,10.35,,,
2017,3,17,2,0,9.13,,,
2017,3,17,3,0,7.82,,,
2017,3,17,4,0,7.33,,,
2017,3,17,5,0,7.75,,,
2017,3,17,6,0,8.53,,,
2017,3,17,7,0,8.01,,,
2017,3,17,8,0,8.67,,,
2017,3,17,9,0,10.67,,,
2017,3,17,10,0,13.84,,,
2017,3,17,11,0,16.83,,,
2017,3,17,12,0,17.39,,,
2017,3,17,13,0,18.48,,,
2017,3,17,14,0,18.42,,,
2017,3,17,15,0,17.73,,,
2017,3,17,16,0,16.58,,,
2017,3,17,17,0,15.34,,,
2017,3,17,18,0,13.97,,,
2017,3,17,19,0,12.51,,,
2017,3,17,20,0,11.86,,,
2017,3,17,21,0,11.87,,,
2017,3,17,22,0,11.24,,,
2017,3,17,23,0,10.68,,,
2017,3,18,0,0,10.2,,,
2017,3,18,1,0,9.29,,,
2017,3,18,2,0,9,,,
2017,3,18,3,0,8.96,,,
2017,3,18,4,0,9.1,,,
2017,3,18,5,0,8.82,,,
2017,3,18,6,0,8.86,,,
2017,3,18,7,0,8.92,,,
2017,3,18,8,0,8.93,,,
2017,3,18,9,0,9.17,,,
2017,3,18,10,0,9.63,,,
2017,3,18,11,0,10.77,,,
2017,3,18,12,0,11.34,,,
2017,3,18,13,0,10.04,,,
2017,3,18,14,0,10.09,,,
2017,3,18,15,0,10.05,,,
2017,3,18,16,0,10.8,,,
2017,3,18,17,0,10.66,,,
2017,3,18,18,0,10.53,,,
2017,3,18,19,0,10.31,,,
2017,3,18,20,0,10.5,,,
2017,3,18,21,0,10.76,,,
2017,3,18,22,0,11,,,
2017,3,18,23,0,11.12,,,
2017,3,19,0,0,11.23,,,
2017,3,19,1,0,11.14,,,
2017,3,19,2,0,11.03,,,
2017,3,19,3,0,10.77,,,
2017,3,19,4,0,10.48,,,
2017,3,19,5,0,10.3,,,
2017,3,19,6,0,10.22,,,
2017,3,19,7,0,10.12,,,
2017,3,19,8,0,10.31,,,
2017,3,19,9,0,11.4,,,
2017,3,19,10,0,12.88,,,
2017,3,19,11,0,13.62,,,
2017,3,19,12,0,14.67,,,
2017,3,19,13,0,13.24,,,
2017,3,19,14,0,14.77,,,
2017,3,19,15,0,15.46,,,
2017,3,19,16,0,15.2,,,
2017,3,19,17,0,15.26,,,
2017,3,19,18,0,14.81,,,
2017,3,19,19,0,14.07,,,
2017,3,19,20,0,13.62,,,
2017,3,19,21,0,13.19,,,
2017,3,19,22,0,12.95,,,
2017,3,19,23,0,12.56,,,
2017,3,20,0,0,12.24,,,
2017,3,20,1,0,11.53,,,
2017,3,20,2,0,10.58,,,
2017,3,20,3,0,10.13,,,
2017,3,20,4,0,10,,,
2017,3,20,5,0,10.14,,,
2017,3,20,6,0,10.15,,,
2017,3,20,7,0,9.74,,,
2017,3,20,8,0,9.84,,,
2017,3,20,9,0,10.08,,,
2017,3,20,10,0,11.2,,,
2017,3,20,11,0,12.09,,,
2017,3,20,12,0,13.53,,,
2017,3,20,13,0,14.67,,,
2017,3,20,14,0,15.58,,,
2017,3,20,15,0,15.8,,,
2017,3,20,16,0,16.02,,,
2017,3,20,17,0,15.7,,,
2017,3,20,18,0,14.88,,,
2017,3,20,19,0,13.17,,,
2017,3,20,20,0,11.8,,,
2017,3,20,21,0,10.61,,,
2017,3,20,22,0,10.2,,,
2017,3,20,23,0,9.86,,,
2017,3,21,0,0,9.25,,,
2017,3,21,1,0,9.32,,,
2017,3,21,2,0,9.12,,,
2017,3,21,3,0,8.55,,,
2017,3,21,4,0,7.94,,,
2017,3,21,5,0,7.89,,,
2017,3,21,6,0,7.65,,,
2017,3,21,7,0,7.65,,,
2017,3,21,8,0,9.38,,,
2017,3,21,9,0,11.36,,,
2017,3,21,10,0,12.52,,,
2017,3,21,11,0,13.37,,,
2017,3,21,12,0,13.33,,,
2017,3,21,13,0,12.06,,,
2017,3,21,14,0,11.6,,,
2017,3,21,15,0,11.1,,,
2017,3,21,16,0,10.85,,,
2017,3,21,17,0,10.54,,,
2017,3,21,18,0,10.37,,,
2017,3,21,19,0,9.98,,,
2017,3,21,20,0,7.38,,,
2017,3,21,21,0,7.08,,,
2017,3,21,22,0,6.7,,,
2017,3,21,23,0,6.53,,,
2017,3,22,0,0,6.41,,,
2017,3,22,1,0,5.55,,,
2017,3,22,2,0,5.76,,,
2017,3,22,3,0,5.71,,,
2017,3,22,4,0,5.59,,,
2017,3,22,5,0,5.03,,,
2017,3,22,6,0,4.84,,,
2017,3,22,7,0,4.99,,,
2017,3,22,8,0,5.93,,,
2017,3,22,9,0,7.36,,,
2017,3,22,10,0,8.52,,,
2017,3,22,11,0,9.24,,,
2017,3,22,12,0,9.61,,,
2017,3,22,13,0,10.23,,,
2017,3,22,14,0,11.09,,,
2017,3,22,15,0,12.08,,,
2017,3,22,16,0,11.95,,,
2017,3,22,17,0,11.88,,,
2017,3,22,18,0,11.57,,,
2017,3,22,19,0,11.17,,,
2017,3,22,20,0,10.08,,,
2017,3,22,21,0,8.98,,,
2017,3,22,22,0,8.66,,,
2017,3,22,23,0,8.8,,,
2017,3,23,0,0,8.33,,,
2017,3,23,1,0,8.15,,,
2017,3,23,2,0,8.21,,,
2017,3,23,3,0,8.49,,,
2017,3,23,4,0,8.16,,,
2017,3,23,5,0,6.76,,,
2017,3,23,6,0,5.87,,,
2017,3,23,7,0,5.63,,,
2017,3,23,8,0,7.37,,,
2017,3,23,9,0,9.31,,,
2017,3,23,10,0,11.55,,,
2017,3,23,11,0,13.56,,,
2017,3,23,12,0,15.4,,,
2017,3,23,13,0,16.06,,,
2017,3,23,14,0,17.05,,,
2017,3,23,15,0,17.37,,,
2017,3,23,16,0,17.85,,,
2017,3,23,17,0,17.87,,,
2017,3,23,18,0,16.98,,,
2017,3,23,19,0,14.28,,,
2017,3,23,20,0,12.17,,,
2017,3,23,21,0,11.06,,,
2017,3,23,22,0,10.44,,,
2017,3,23,23,0,10.22,,,
2017,3,24,0,0,10.15,,,
2017,3,24,1,0,9.82,,,
2017,3,24,2,0,9.91,,,
2017,3,24,3,0,9.4,,,
2017,3,24,4,0,8.73,,,
2017,3,24,5,0,8.59,,,
2017,3,24,6,0,8.48,,,
2017,3,24,7,0,8.71,,,
2017,3,24,8,0,9.11,,,
2017,3,24,9,0,9.82,,,
2017,3,24,10,0,10.66,,,
2017,3,24,11,0,10.72,,,
2017,3,24,12,0,11.03,,,
2017,3,24,13,0,15.53,,,
2017,3,24,14,0,16.42,,,
2017,3,24,15,0,16.78,,,
2017,3,24,16,0,17.07,,,
2017,3,24,17,0,17.14,,,
2017,3,24,18,0,17.27,,,
2017,3,24,19,0,17.62,,,
2017,3,24,20,0,15.33,,,
2017,3,24,21,0,13.39,,,
2017,3,24,22,0,13.53,,,
2017,3,24,23,0,12.46,,,
2017,3,25,0,0,11.12,,,
2017,3,25,1,0,9.88,,,
2017,3,25,2,0,9.09,,,
2017,3,25,3,0,8.43,,,
2017,3,25,4,0,7.96,,,
2017,3,25,5,0,7.46,,,
2017,3,25,6,0,6.86,,,
2017,3,25,7,0,6.56,,,
2017,3,25,8,0,6.76,,,
2017,3,25,9,0,7.64,,,
2017,3,25,10,0,8.94,,,
2017,3,25,11,0,11.18,,,
2017,3,25,12,0,14.1,,,
2017,3,25,13,0,11.32,,,
2017,3,25,14,0,13.25,,,
2017,3,25,15,0,15.36,,,
2017,3,25,16,0,18.2,,,
2017,3,25,17,0,17.04,,,
2017,3,25,18,0,15.81,,,
2017,3,25,19,0,13.82,,,
2017,3,25,20,0,12.23,,,
2017,3,25,21,0,11.24,,,
2017,3,25,22,0,10.78,,,
2017,3,25,23,0,9.76,,,
2017,3,26,0,0,8.62,,,
2017,3,26,1,0,7.23,,,
2017,3,26,2,0,6.93,,,
2017,3,26,3,0,6.81,,,
2017,3,26,4,0,6.87,,,
2017,3,26,5,0,6.81,,,
2017,3,26,6,0,6.67,,,
2017,3,26,7,0,6.83,,,
2017,3,26,8,0,7.33,,,
2017,3,26,9,0,8.21,,,
2017,3,26,10,0,8.61,,,
2017,3,26,11,0,9.56,,,
2017,3,26,12,0,11.14,,,
2017,3,26,13,0,10.45,,,
2017,3,26,14,0,10.84,,,
2017,3,26,15,0,11.45,,,
2017,3,26,16,0,12.26,,,
2017,3,26,17,0,11.93,,,
2017,3,26,18,0,11.78,,,
2017,3,26,19,0,11.32,,,
2017,3,26,20,0,10.91,,,
2017,3,26,21,0,9.71,,,
2017,3,26,22,0,7.39,,,
2017,3,26,23,0,6.4,,,
2017,3,27,0,0,5.86,,,
2017,3,27,1,0,5.56,,,
2017,3,27,2,0,4.99,,,
2017,3,27,3,0,4.05,,,
2017,3,27,4,0,3.54,,,
2017,3,27,5,0,3.02,,,
2017,3,27,6,0,2.53,,,
2017,3,27,7,0,2.87,,,
2017,3,27,8,0,4.75,,,
2017,3,27,9,0,7.14,,,
2017,3,27,10,0,9.72,,,
2017,3,27,11,0,12.22,,,
2017,3,27,12,0,14.09,,,
2017,3,27,13,0,15.71,,,
2017,3,27,14,0,16.86,,,
2017,3,27,15,0,17.48,,,
2017,3,27,16,0,17.55,,,
2017,3,27,17,0,17.4,,,
2017,3,27,18,0,16.81,,,
2017,3,27,19,0,16.14,,,
2017,3,27,20,0,15.06,,,
2017,3,27,21,0,13.98,,,
2017,3,27,22,0,13.35,,,
2017,3,27,23,0,12.79,,,
2017,3,28,0,0,12.19,,,
2017,3,28,1,0,11.25,,,
2017,3,28,2,0,10.64,,,
2017,3,28,3,0,10.35,,,
2017,3,28,4,0,10.05,,,
2017,3,28,5,0,9.76,,,
2017,3,28,6,0,9.82,,,
2017,3,28,7,0,9.6,,,
2017,3,28,8,0,10.11,,,
2017,3,28,9,0,12.24,,,
2017,3,28,10,0,14.68,,,
2017,3,28,11,0,15.91,,,
2017,3,28,12,0,16.86,,,
2017,3,28,13,0,18.39,,,
2017,3,28,14,0,18.86,,,
2017,3,28,15,0,18.5,,,
2017,3,28,16,0,18.22,,,
2017,3,28,17,0,17.15,,,
2017,3,28,18,0,16.62,,,
2017,3,28,19,0,15.38,,,
2017,3,28,20,0,14.47,,,
2017,3,28,21,0,14.2,,,
2017,3,28,22,0,13.55,,,
2017,3,28,23,0,12.63,,,
2017,3,29,0,0,11.52,,,
2017,3,29,1,0,10.31,,,
2017,3,29,2,0,10.03,,,
2017,3,29,3,0,10.17,,,
2017,3,29,4,0,9.94,,,
2017,3,29,5,0,9.72,,,
2017,3,29,6,0,9.4,,,
2017,3,29,7,0,9.71,,,
2017,3,29,8,0,10.19,,,
2017,3,29,9,0,11.49,,,
2017,3,29,10,0,13.55,,,
2017,3,29,11,0,14.8,,,
2017,3,29,12,0,15.98,,,
2017,3,29,13,0,17.36,,,
2017,3,29,14,0,18.23,,,
2017,3,29,15,0,18.74,,,
2017,3,29,16,0,18.84,,,
2017,3,29,17,0,18.61,,,
2017,3,29,18,0,17.88,,,
2017,3,29,19,0,17.29,,,
2017,3,29,20,0,16.2,,,
2017,3,29,21,0,15,,,
2017,3,29,22,0,13.69,,,
2017,3,29,23,0,11.77,,,
2017,3,30,0,0,10.72,,,
2017,3,30,1,0,10.68,,,
2017,3,30,2,0,10.57,,,
2017,3,30,3,0,10.43,,,
2017,3,30,4,0,9.83,,,
2017,3,30,5,0,9.23,,,
2017,3,30,6,0,8.57,,,
2017,3,30,7,0,7.98,,,
2017,3,30,8,0,9.96,,,
2017,3,30,9,0,12.66,,,
2017,3,30,10,0,15.56,,,
2017,3,30,11,0,17.19,,,
2017,3,30,12,0,18.68,,,
2017,3,30,13,0,19.7,,,
2017,3,30,14,0,20.46,,,
2017,3,30,15,0,20.96,,,
2017,3,30,16,0,21.09,,,
2017,3,30,17,0,20.82,,,
2017,3,30,18,0,20.1,,,
2017,3,30,19,0,19.14,,,
2017,3,30,20,0,17.32,,,
2017,3,30,21,0,14.93,,,
2017,3,30,22,0,13.9,,,
2017,3,30,23,0,13.64,,,
2017,3,31,0,0,13.31,,,
2017,3,31,1,0,13.16,,,
2017,3,31,2,0,12.85,,,
2017,3,31,3,0,12.79,,,
2017,3,31,4,0,12.79,,,
2017,3,31,5,0,12.25,,,
2017,3,31,6,0,10.91,,,
2017,3,31,7,0,10.42,,,
2017,3,31,8,0,11.01,,,
2017,3,31,9,0,13.44,,,
2017,3,31,10,0,15.54,,,
2017,3,31,11,0,17.59,,,
2017,3,31,12,0,19.46,,,
2017,3,31,13,0,20.77,,,
2017,3,31,14,0,21.41,,,
2017,3,31,15,0,21.62,,,
2017,3,31,16,0,21.59,,,
2017,3,31,17,0,20.76,,,
2017,3,31,18,0,19.44,,,
2017,3,31,19,0,18.18,,,
2017,3,31,20,0,17.08,,,
2017,3,31,21,0,16.54,,,
2017,3,31,22,0,16.53,,,
2017,3,31,23,0,15.41,,,
2017,4,1,0,0,14.05,,,
2017,4,1,1,0,12.96,,,
2017,4,1,2,0,12.9,,,
2017,4,1,3,0,12.43,,,
2017,4,1,4,0,12.26,,,
2017,4,1,5,0,11.98,,,
2017,4,1,6,0,11.72,,,
2017,4,1,7,0,11.62,,,
2017,4,1,8,0,11.6,,,
2017,4,1,9,0,12.57,,,
2017,4,1,10,0,13.87,,,
2017,4,1,11,0,15.53,,,
2017,4,1,12,0,15.57,,,
2017,4,1,13,0,14.33,,,
2017,4,1,14,0,13.32,,,
2017,4,1,15,0,14.19,,,
2017,4,1,16,0,14.44,,,
2017,4,1,17,0,13.89,,,
2017,4,1,18,0,13.44,,,
2017,4,1,19,0,12.73,,,
2017,4,1,20,0,11.85,,,
2017,4,1,21,0,11.16,,,
2017,4,1,22,0,11.01,,,
2017,4,1,23,0,10.78,max,min,
,,,,,5.803344298,21.62,-6.28,4.83912536
